"Who Makes The Stock Out ","Stock Out Date","Stock Out Id","Stock Out Quantity","Shoe Brand","Shoe Type ","Shoe Size"
"Adolphus Carmine Semarke","2022-11-10","916888","493","Converse","slippers","36"
"Niki Liza Grimmett","2023-01-26","645737","482","New Balance","heels","48"
"Giraldo  Kitchinghan","2023-01-31","895039","200","Skechers","sandals","44"
"Aleta Robenia Eneas","2022-07-31","592658","356","Vans","sandals","37"
"Bernice  Dragonette","2022-12-29","993194","327","Nike","flats","49"
"Yovonnda  Pena","2022-10-30","777626","235","Reebok","boots","47"
"Cacilie Myrilla Ralls","2023-01-13","678100","127","Nike","boots","43"
"Hesther Hedwig Krzyzanowski","2022-11-05","711786","63","New Balance","loafers","35"
"Saxe  Merrigans","2023-05-26","711042","162","Vans","boots","34"
"Robert  Mar","2023-05-20","309031","287","New Balance","loafers","38"
"Alicia  Fosbraey","2023-05-27","184753","340","Reebok","slippers","39"
"Frederik Martin Blune","2022-12-07","819447","150","New Balance","sneakers","36"
"Norean  Davydychev","2023-03-09","762180","220","Under Armour","sandals","47"
"Matelda  Yeowell","2023-03-05","354631","213","Vans","loafers","37"
"Levon Erich Beachem","2023-04-23","953581","141","Vans","loafers","43"
"Zebulon Kelley Cabrara","2022-10-04","489879","225","Fila","sneakers","50"
"Sherrie Casi Sambeck","2022-06-17","899105","449","Reebok","loafers","36"
"Kellie Eimile Gargett","2022-06-30","570404","59","Nike","slippers","41"
"Yale Wadsworth Fuzzard","2022-09-02","598381","130","Skechers","loafers","42"
"Hayward  McMurty","2022-12-01","397957","250","Skechers","flip flops","43"
"Darla Ranique Hessle","2022-11-10","549730","460","Adidas","loafers","40"
"Tucky See Bolin","2022-06-10","463541","339","Vans","slippers","46"
"Nicholas Brion Berceros","2023-02-21","762405","122","Fila","sandals","48"
"Chariot  Hutchinson","2022-07-08","797277","368","Under Armour","flip flops","36"
"Theo Jase Coite","2022-06-02","919455","384","Fila","heels","43"
"Barclay  Cousin","2023-01-31","143350","460","New Balance","flip flops","47"
"Aleda Ermengarde Gresham","2022-08-29","724180","182","Nike","flats","45"
"Rubetta Gracia Christy","2023-05-28","604943","298","Converse","sandals","36"
"Jerrie Isis Abramino","2023-05-10","362644","486","Converse","sneakers","43"
"Jenine  Crowth","2023-01-20","166883","455","Vans","sandals","50"
"Anderson Brnaby Galiford","2022-07-10","982841","215","Vans","sneakers","45"
"Maurene Charmain Marte","2022-06-17","680742","235","Puma","loafers","40"
"Paolo Reynolds Stollsteimer","2023-02-28","869282","228","Vans","heels","47"
"Hulda  Byllam","2022-09-29","29746","429","Fila","sandals","44"
"Phillipe  Vauter","2023-01-22","148755","157","New Balance","heels","40"
"Norah  Bigglestone","2023-05-23","986981","329","New Balance","flip flops","41"
"Kesley  Tant","2023-01-23","340351","296","Converse","slippers","44"
"Michal Hobey Ordelt","2023-04-15","191408","441","Reebok","flats","35"
"Ranna Catarina O'Caine","2022-06-01","930336","431","Puma","boots","38"
"Doralyn Malinde Repper","2022-07-01","893097","353","Reebok","flats","43"
"Danita Maurene Northway","2023-02-22","680494","212","New Balance","boots","48"
"Nappie Shalom Vlasenkov","2022-11-04","420955","53","Fila","boots","43"
"Ginevra Caro Mew","2022-10-01","983845","469","Converse","boots","49"
"Jesus Tome Saill","2023-05-04","743220","449","New Balance","flats","48"
"Clotilda  Radnage","2023-02-03","324069","250","Reebok","boots","34"
"Eleanor Amalea Cressey","2022-06-29","853241","327","Skechers","heels","44"
"Cal Alick Synder","2022-12-18","217595","359","Skechers","sneakers","35"
"Woodrow Terence Keford","2022-06-06","957558","215","Under Armour","flip flops","35"
"Jade  Dumphrey","2023-04-10","93684","446","Fila","heels","47"
"Dante  Demann","2022-09-13","31930","482","Puma","flats","39"
"Darb  Assard","2023-05-26","349654","247","Nike","slippers","35"
"Maud  Annell","2023-04-01","562664","130","Skechers","boots","46"
"Purcell  Fillimore","2023-04-18","894296","464","Nike","flats","45"
"Erhard Xerxes Troth","2023-05-10","618749","152","Nike","flip flops","47"
"Janina Elladine Ambrosini","2022-07-19","934305","469","Puma","heels","49"
"Claiborne Olin Devonshire","2022-10-31","661998","464","Reebok","sneakers","40"
"Josefa  Draycott","2022-10-21","436911","444","Puma","loafers","46"
"Francois Laurence Clarke","2023-04-30","263507","197","Vans","heels","34"
"Rolland Merwin Kinworthy","2022-09-05","18898","143","Reebok","heels","40"
"Jarrid Carce How","2023-04-16","840241","79","Vans","loafers","39"
"Clyde  Shellsheere","2022-07-23","460408","109","Nike","flats","49"
"Brit  Ithell","2023-02-09","588414","399","Under Armour","sneakers","45"
"Sheree Juliette Panswick","2023-04-13","47352","365","Puma","flip flops","50"
"Sinclair  Barhems","2022-08-02","518874","486","Converse","loafers","46"
"Vida  McKennan","2022-10-03","862417","229","Skechers","boots","41"
"Cyb Mercedes Kirimaa","2022-06-04","662464","194","Converse","sandals","40"
"Griffy  Bedder","2022-12-25","922983","212","Reebok","sandals","36"
"Kilian  Conkling","2023-02-01","722283","113","Fila","slippers","35"
"Feliks Lorant Burgisi","2022-06-10","85174","301","Adidas","flip flops","36"
"Phil Ivonne McNeely","2022-11-08","294865","221","Vans","heels","38"
"Hannie  Brookz","2022-12-03","922797","483","Reebok","heels","34"
"Kile  Yven","2022-11-11","731587","273","Nike","loafers","36"
"Shanda Annice Moulder","2022-08-15","556998","409","Reebok","heels","37"
"Mathe Gearalt Ennor","2023-05-26","21568","239","Puma","heels","37"
"Benedicto  Mallia","2023-01-06","217746","411","Under Armour","loafers","38"
"Reamonn  Carroll","2023-03-09","726918","146","Fila","slippers","47"
"Artie  Winterbotham","2023-04-05","457531","414","Under Armour","sandals","40"
"Berty  Leipoldt","2022-12-21","932371","138","Reebok","sandals","46"
"Edita Druci Burgoyne","2022-10-21","945355","487","Puma","sandals","45"
"Ferdinanda Chiquita Rides","2022-07-04","652745","243","Reebok","sandals","46"
"Wilmer Ethe Chopping","2022-09-30","594911","112","Under Armour","sandals","37"
"Dianemarie  Geeves","2022-08-21","12127","159","Converse","flats","38"
"Tom Odell Pinchon","2022-09-07","819067","281","Puma","heels","37"
"Melita Ramonda Iuorio","2022-10-23","758810","273","Under Armour","sandals","46"
"Fionnula  Vaulkhard","2022-12-21","441347","446","Fila","boots","41"
"Mavis Clareta Joss","2022-11-04","922509","367","New Balance","flip flops","50"
"Berget  Farrant","2022-10-01","235164","439","Adidas","flats","40"
"Briana Christyna Caddick","2022-11-19","432583","460","Converse","flip flops","35"
"Nevile  Moyse","2022-10-25","827411","89","Puma","heels","40"
"Billie  Sheach","2022-07-20","481502","283","Adidas","flats","43"
"Tiebold  Osipenko","2022-09-20","708263","160","New Balance","flip flops","39"
"Ernestus Walker Lackinton","2022-12-28","821926","106","Under Armour","flip flops","39"
"Gabie Trent Sinncock","2023-01-16","886226","461","Vans","sandals","42"
"Querida Kippy De Meyer","2023-03-27","908733","80","Vans","boots","38"
"Demetra Carin Bartolini","2022-09-08","641883","234","Skechers","sandals","49"
"Amie Ange Poynor","2022-12-20","120949","121","Reebok","boots","38"
"Danya Cassaundra Cockarill","2022-07-30","675441","369","Under Armour","heels","41"
"Nobie Thorpe Swiggs","2023-03-31","665128","67","Vans","flip flops","43"
"Pepi Eloise Bowry","2022-08-20","659615","63","Puma","loafers","38"
"Wright  Hanway","2023-03-09","502590","324","Vans","boots","38"
"Ronalda Daile Blezard","2023-05-13","546273","160","Vans","flip flops","43"
"Ashlin  Skechley","2022-10-28","556839","438","Puma","slippers","50"
"Shauna  Poad","2022-06-22","770248","496","Converse","flip flops","44"
"Darya Opaline Etchell","2023-01-31","502773","134","Converse","loafers","49"
"Fabian  Covil","2023-05-11","898408","319","Converse","flats","41"
"Basilio  Soulsby","2023-01-09","604234","354","Under Armour","sneakers","42"
"Arman  Southorn","2022-11-20","893748","340","Reebok","boots","45"
"Nestor  Slucock","2023-03-20","550827","234","Vans","boots","39"
"Monti Lenard Bertomieu","2023-04-29","730166","221","Reebok","slippers","38"
"Gage  Pybus","2022-10-24","284076","400","Vans","sandals","39"
"Neala  Labet","2022-11-05","437682","91","Reebok","heels","40"
"Melony Queenie Curness","2022-10-23","790963","104","Nike","sandals","47"
"Charlot  Jakubski","2022-11-13","122692","184","New Balance","sandals","43"
"Gibb  Halsworth","2022-06-24","170079","81","New Balance","heels","38"
"Morly Fitz Astin","2022-07-07","247166","175","New Balance","sandals","39"
"Paton  Laughton","2023-04-07","452155","155","Adidas","sandals","49"
"Theo  Krop","2023-01-14","99227","395","Vans","boots","48"
"Norine  Elfleet","2022-07-23","107650","163","Reebok","boots","49"
"Tawsha Ronnie Ranken","2022-12-23","252275","432","Converse","flip flops","42"
"Caddric  Dunlop","2022-08-29","65356","447","Skechers","loafers","50"
"Mahalia  Dymoke","2022-12-03","607742","178","Skechers","sandals","46"
"Nickie  Mullineux","2022-07-05","925567","442","Vans","sandals","45"
"Krysta Sorcha Jaher","2023-05-17","336572","183","Adidas","loafers","40"
"Megen  Thing","2023-05-10","706212","429","Adidas","flats","48"
"Drona Karlee Marnes","2022-09-05","189538","427","New Balance","sandals","43"
"Matteo Rudyard Gamlen","2022-12-22","532607","498","Puma","boots","47"
"Anabelle Jada Garley","2022-08-04","873492","71","New Balance","flip flops","35"
"Petr  Beresford","2023-02-16","269292","395","Nike","sandals","39"
"Janet Olivie Kochs","2023-04-01","877855","417","Adidas","flats","48"
"Minnnie Linet Younge","2022-12-17","790625","439","Fila","sneakers","50"
"Kittie Dody Tebbe","2023-01-15","324213","136","Puma","flats","47"
"Lev  Castagneri","2022-05-30","451435","475","Skechers","loafers","45"
"Jorrie Hedwiga Schonfeld","2022-10-12","601521","462","Under Armour","loafers","37"
"Dru  Pes","2022-10-19","772255","258","Nike","flip flops","38"
"Kippie Eda Gyse","2023-01-12","869700","231","Nike","sandals","41"
"Arturo Marve Aizikowitz","2023-03-20","20572","56","Converse","loafers","44"
"Jaine  Pynn","2022-07-31","201016","451","Reebok","loafers","44"
"Barnaby Valdemar Szimon","2023-03-11","662646","85","Fila","loafers","42"
"Shelly Dorise Edleston","2022-07-10","569044","204","Reebok","flats","42"
"Jessika Xylina Hebbes","2023-03-19","606388","251","Vans","heels","44"
"Wiatt  Piele","2023-01-31","363151","424","Puma","loafers","39"
"Brendan  Rutland","2022-08-15","925587","195","Adidas","flats","47"
"Selene Dorthy Tick","2022-07-30","508003","114","Puma","slippers","36"
"Michal Gillian Perillo","2022-10-15","127743","348","New Balance","loafers","38"
"Mathe  Gallant","2023-01-12","857665","457","Fila","heels","48"
"Alfy  Deluca","2022-09-15","407908","309","Adidas","sneakers","44"
"Von Arlen Cowap","2023-01-22","623219","457","Fila","heels","46"
"Averil  Grizard","2022-11-13","683815","303","Adidas","flip flops","44"
"Orelle Gwendolyn Whittlesey","2022-10-15","320288","134","New Balance","slippers","35"
"Ingaberg  Hambly","2023-05-29","196478","291","Skechers","sandals","43"
"Inna Buffy Passman","2022-07-22","821905","364","Fila","flats","42"
"Frank Morris Livick","2022-06-19","169457","254","Skechers","boots","35"
"Orren  Cork","2022-09-26","622513","301","Skechers","loafers","44"
"Reider Kale Prangle","2022-10-07","884172","76","Adidas","sneakers","36"
"Linus Fulton Ratt","2022-08-14","415495","102","Vans","flats","39"
"Kris Wendel Tyt","2022-12-01","984432","61","Under Armour","sneakers","50"
"Ilka Clarita Paszak","2023-05-19","911800","92","Puma","flats","46"
"Matelda  Swepstone","2022-08-30","720858","121","Nike","slippers","49"
"Kath  Rasch","2023-03-25","519223","179","Puma","sandals","43"
"Bobina Rhianna Corkitt","2022-08-03","169893","346","Adidas","slippers","41"
"Phillie  Foucard","2023-01-20","553102","358","Nike","slippers","39"
"Junia  Escale","2022-10-07","749756","160","Skechers","sneakers","44"
"Alena  Bendixen","2022-12-11","390314","192","Fila","heels","41"
"Tiffie  Harhoff","2022-09-24","164208","158","Vans","boots","43"
"Waldon  Buttel","2023-03-07","910950","339","Reebok","flats","49"
"Erwin Christopher Gorse","2023-03-26","627860","211","Adidas","slippers","45"
"Kayle Coraline Janicijevic","2023-05-19","472518","433","Vans","boots","49"
"Lula  Wudeland","2023-02-01","67569","238","New Balance","heels","37"
"Mill Bruis Thirsk","2022-12-12","939888","419","Converse","sneakers","39"
"Camella Eve Mallatratt","2023-02-25","954662","382","Vans","heels","34"
"Husain Burl Chisman","2022-06-06","715875","146","Under Armour","heels","42"
"Pavla Mufinella Moreman","2023-05-24","456269","97","Converse","sandals","36"
"Minnie Row Cogdell","2023-03-01","704387","166","Reebok","loafers","40"
"Etheline Sonja Kops","2023-03-05","697436","347","Adidas","slippers","39"
"Vincents Alfie Castiglio","2022-07-03","324020","436","Converse","slippers","43"
"Valentina Anett Douse","2022-10-12","639628","247","Nike","slippers","44"
"Kennedy Heindrick Pinfold","2022-11-16","239377","406","New Balance","boots","46"
"Caryl  Slimmon","2022-12-28","873545","445","Adidas","boots","45"
"Frank Robinett Neasam","2022-06-24","529148","104","Converse","sandals","38"
"Stanford  Hatrick","2022-12-21","17091","171","Adidas","heels","39"
"Dew Grenville Cowndley","2022-12-18","79802","443","Converse","sandals","49"
"Ulrica  Stiff","2022-06-18","520948","371","Converse","flats","39"
"Cosme Brady Lally","2023-02-21","504261","108","New Balance","flats","35"
"Lev Goran Paget","2023-01-18","253170","146","Converse","flip flops","39"
"Jacky Lianne Duckworth","2023-05-02","437571","412","Reebok","boots","50"
"Lonee Lillis Bagworth","2023-05-23","46403","184","New Balance","slippers","40"
"Toby Lorant Udden","2022-11-15","996078","379","Puma","sandals","39"
"Hadlee Bryn Gilyatt","2022-07-25","797070","428","Nike","loafers","41"
"Xenia  Dixey","2023-04-06","977834","293","Under Armour","boots","40"
"Kirstyn Emmeline Petyakov","2022-10-16","808387","467","Fila","flats","42"
"Jeremias  Dudeney","2023-02-12","960315","315","New Balance","slippers","48"
"Brnaba Ossie Drawmer","2022-06-14","883505","362","Adidas","sandals","37"
"Ilaire  Greenhough","2022-06-22","244324","403","Fila","flats","39"
"Bradney  Pearton","2023-04-23","816367","306","Adidas","heels","48"
"Coretta  Raspel","2023-02-28","262346","214","Fila","flats","45"
"Roldan  Derham","2023-04-23","442486","149","Adidas","boots","44"
"Jsandye  Cholonin","2022-09-03","939294","472","Fila","loafers","49"
"Titos Killian Rogeon","2023-01-11","821053","207","Skechers","heels","43"
"Shel  Switzer","2022-11-26","859271","287","Converse","sandals","34"
"Inger  Esmead","2022-08-23","355412","106","Fila","sandals","45"
"Quent Robert Flewett","2023-05-20","840131","67","Vans","sneakers","48"
"Tammy Ban De Cristoforo","2023-01-12","127475","254","New Balance","boots","40"
"Jobye  Cosans","2022-06-16","234412","111","Adidas","sneakers","46"
"Leanna  Ridgeway","2023-02-14","964105","315","Fila","slippers","34"
"Celestyna  Laytham","2022-12-28","227610","211","Reebok","slippers","35"
"Glory Sydelle Leupoldt","2022-10-01","937515","217","Adidas","sneakers","38"
"Anne-marie Claire Cosbey","2022-12-31","731152","258","Skechers","flip flops","41"
"Vite Bradney Duker","2022-12-10","701477","497","Fila","sneakers","45"
"Fredric Reg Ick","2022-11-06","937483","62","Nike","loafers","39"
"Yettie Adda Hillan","2023-03-24","953697","288","Under Armour","boots","41"
"Lorilee  Crollman","2022-11-14","514803","392","Puma","heels","45"
"Arlette Devora Skells","2023-03-10","399163","91","Vans","slippers","43"
"Revkah  Krates","2023-02-11","421000","435","Adidas","flats","41"
"Beatriz Georgeanne Diplock","2022-11-07","314770","88","Adidas","heels","49"
"Mercie  McShane","2023-01-23","484176","67","Under Armour","flip flops","41"
"Remus  Buddock","2023-01-29","739582","310","Converse","heels","40"
"Klara  Jirek","2022-12-04","609071","242","Nike","sandals","43"
"Davidde  Dilawey","2022-12-14","210575","449","Converse","flip flops","47"
"Lydia  Haddick","2022-06-23","239908","422","Adidas","flip flops","50"
"Orv  Tellenbrok","2022-06-13","675271","360","Fila","slippers","46"
"Raynell Shela Browett","2023-01-05","415245","435","Converse","sneakers","49"
"Othilie Elizabet Capponeer","2023-01-26","906744","168","Adidas","slippers","48"
"Clari  Marcam","2022-09-17","533489","313","New Balance","loafers","46"
"Flory Marylinda Hewlings","2023-02-27","936899","378","Skechers","flats","47"
"Adriena  Issitt","2022-12-18","409597","429","Skechers","loafers","49"
"Hayes  Brosenius","2022-08-07","664561","475","Adidas","sneakers","38"
"Bellanca Martica Schurcke","2022-12-28","666560","471","Converse","slippers","34"
"Vasily  Hissett","2022-11-15","828960","126","Reebok","heels","43"
"Barty  Tocknell","2022-12-04","154309","413","Nike","flip flops","40"
"Angeli  Alvis","2022-12-18","125318","343","Puma","slippers","46"
"Aaren Amberly Featenby","2022-12-12","966038","284","Vans","sandals","38"
"Marcellus  Strangman","2023-01-26","459739","90","Skechers","sandals","48"
"Titos Edmund Took","2022-08-07","450164","169","Fila","loafers","39"
"Hobart Torry Vose","2023-05-12","531110","464","New Balance","sneakers","47"
"Tan Linn Clunan","2022-11-06","708531","315","Adidas","flip flops","37"
"Nikki  Galley","2023-02-16","356359","414","Under Armour","flats","50"
"Konrad Camey Douglas","2023-01-11","604428","161","Adidas","flats","35"
"Derrek  Polo","2023-04-15","796276","249","New Balance","sneakers","35"
"Chicky Marina Lansberry","2022-08-17","10773","138","Skechers","loafers","38"
"Juliette Maurizia Douty","2023-03-28","81113","337","Fila","flats","38"
"Tina Lacy Gosney","2023-04-01","843404","52","Vans","flip flops","43"
"Fayina Alexa Maulden","2023-03-07","114854","64","Reebok","slippers","35"
"Bev Durand Haxbie","2023-04-24","440206","121","Converse","boots","47"
"Standford  Brimicombe","2022-10-15","302478","255","Adidas","heels","49"
"Ellyn  Brudenell","2022-08-18","542207","241","Converse","boots","36"
"Tove  Cottis","2023-01-04","902645","329","New Balance","flip flops","44"
"Anson  Pesticcio","2022-12-27","235255","127","Converse","heels","38"
"Ennis Tully Hellyar","2022-07-11","768416","224","Reebok","heels","48"
"Dehlia Dorthea De Souza","2023-03-07","949642","441","Puma","sandals","46"
"Cy  Shah","2023-02-14","68089","492","Under Armour","sandals","44"
"Glennis  Breckon","2023-05-17","726181","59","Under Armour","flats","38"
"Marius  Critzen","2023-01-09","241262","307","Fila","flip flops","37"
"Walther Zacharias Marshalleck","2022-08-28","544915","483","New Balance","heels","36"
"Minor Alfons Shirland","2022-07-18","211886","393","Skechers","loafers","39"
"Tomasine  Tew","2022-11-24","639644","58","Puma","slippers","38"
"Grange Miguel Blaxill","2022-06-04","97480","206","Reebok","flats","50"
"Dinah  Ikringill","2023-02-12","68256","273","Reebok","sneakers","39"
"Emelina Martie Pringley","2022-09-16","70667","222","Skechers","slippers","37"
"Teddie Teodorico Daffern","2023-02-11","155544","185","Adidas","boots","43"
"Francesco  Drache","2023-03-26","573558","182","Under Armour","flip flops","41"
"Augie Davey Westgarth","2023-04-02","316863","290","Reebok","heels","47"
"Faye  Berthome","2023-01-12","286806","102","Fila","flats","50"
"Dwight  Airton","2023-05-21","170796","439","Fila","boots","47"
"Dinnie  Cutridge","2022-12-01","671116","474","New Balance","flats","38"
"Peria Melessa Piggot","2023-01-21","344195","190","Under Armour","loafers","49"
"Flynn  Pomfrett","2023-01-02","596264","225","Fila","heels","37"
"Eugene  Bellew","2022-06-30","538451","410","Reebok","flats","48"
"Lissi Madelin Winfindale","2022-10-21","64406","361","Vans","sandals","46"
"Cinnamon Michelina Gravett","2022-12-11","141261","129","New Balance","boots","47"
"Ingunna  Leale","2022-11-15","48026","98","New Balance","sneakers","36"
"Dela Jean Tapping","2022-08-13","764225","246","Vans","boots","49"
"Isadore  Amiranda","2022-09-27","637690","268","Reebok","slippers","49"
"Rockey  Aronstam","2022-07-26","322409","257","New Balance","boots","38"
"Dalila Jacquetta Rapa","2023-03-04","275939","50","Fila","slippers","43"
"Edgardo  Durand","2023-05-28","271656","149","Under Armour","sandals","38"
"Meyer Clim Hodgin","2022-07-28","680106","435","Adidas","heels","48"
"Marlowe  Guisby","2023-02-01","781040","323","Puma","sandals","35"
"Ingmar Toby Pierpoint","2023-04-01","871161","221","Vans","sandals","50"
"Camilla Almira Giacomello","2023-01-18","637336","374","Vans","sneakers","48"
"Hercule  Gillean","2022-10-16","931883","92","Adidas","flats","40"
"Delila Julienne Strangward","2022-07-09","791539","310","Nike","loafers","46"
"Abbye  Ingledow","2023-03-09","848555","65","Skechers","slippers","47"
"Alys Brigitte O' Sullivan","2023-04-29","758697","193","Puma","sneakers","43"
"Grantley  Busson","2022-07-27","539092","499","Nike","sandals","47"
"Christa  Hemstead","2022-11-13","801398","426","Under Armour","slippers","35"
"Henri Marlon Endecott","2023-02-21","525952","135","Under Armour","boots","46"
"Cirillo Lars Wannan","2022-11-21","420623","55","Adidas","flats","40"
"Erhart  Ching","2022-07-04","26076","362","New Balance","sandals","47"
"Rivalee Arlee Fladgate","2023-02-21","566740","72","Reebok","flats","43"
"Farra Maia Jacobsohn","2022-09-08","84872","62","New Balance","boots","50"
"Mariel  Benedtti","2022-11-17","16225","124","Adidas","boots","34"
"Jessie Georgy Dunican","2023-01-03","915178","430","Under Armour","loafers","34"
"Shea  Cockill","2022-10-29","217813","93","Converse","boots","50"
"Sosanna  Glitherow","2023-02-21","228542","319","Puma","slippers","43"
"Randa Shannen Oakwell","2022-11-28","230898","229","Skechers","slippers","39"
"Tasha Siouxie Pendlenton","2022-07-24","780205","286","New Balance","heels","41"
"Karlis Hew Waghorn","2023-03-02","136063","206","Adidas","flats","42"
"Isadora Kelila Kenryd","2022-06-29","773717","340","Nike","boots","45"
"Lil Sonya Benkhe","2023-04-21","382539","143","Converse","flip flops","36"
"Frazer Neale Daffey","2023-04-27","710931","242","Reebok","heels","43"
"Rawley  Delacote","2023-02-14","630766","193","New Balance","loafers","35"
"Mellicent Cristin Baulch","2022-06-12","766796","166","Vans","flats","34"
"Andy Ricky Pizer","2023-04-11","784274","120","Vans","slippers","40"
"Drud  Noyce","2022-06-05","845484","112","Reebok","sneakers","37"
"Roosevelt Siward Wheway","2023-05-21","484416","66","Puma","flip flops","46"
"Hesther Oralle Stearn","2023-05-21","926812","412","Reebok","loafers","37"
"Caesar  Adamiec","2023-04-26","119094","209","New Balance","loafers","49"
"Joey  Handscomb","2022-10-23","517870","404","Vans","sneakers","45"
"Ashbey  Bastian","2023-02-12","972605","209","Adidas","loafers","39"
"Lari  Alfonsetti","2022-11-07","56938","291","Converse","flip flops","41"
"Boothe Gaylor Haller","2023-01-27","622969","120","Under Armour","loafers","44"
"Hieronymus  McDougald","2023-04-10","497764","303","Fila","boots","44"
"Westbrooke Esteban Follis","2022-10-25","448299","105","Skechers","sandals","40"
"Halette Gloria Pearne","2022-06-16","825747","360","Skechers","flats","34"
"Zsa zsa Nadya Dunmuir","2023-04-15","784348","57","Vans","sneakers","35"
"Angelica Mikaela Cavie","2022-11-15","478430","117","New Balance","sneakers","37"
"Cloris Angelita Snelgrove","2022-11-14","421644","174","Under Armour","slippers","41"
"Krisha  Jiles","2022-10-03","731585","338","Vans","heels","36"
"Laura Mildred Blackborn","2022-06-25","160652","57","Converse","boots","45"
"Heinrik Johnnie Burgess","2023-04-29","951645","119","Puma","flats","41"
"Karmen  Rehme","2022-07-30","555690","206","Vans","flats","40"
"Alida  Dunnett","2022-09-13","35047","463","Fila","sandals","39"
"Poul  Sheach","2022-09-16","739022","53","Converse","boots","47"
"Ozzy  McGillivrie","2023-03-24","106598","498","Reebok","boots","48"
"Hal Fabien Roughley","2022-08-14","655335","127","Reebok","flats","42"
"Annabell Faythe Peret","2022-09-08","458746","333","New Balance","flip flops","38"
"Lynne  Sprigg","2023-02-14","337074","412","New Balance","flip flops","47"
"Glennie Elvera Cettell","2023-03-22","876694","243","Skechers","loafers","43"
"Ethelind Rivi Joubert","2022-12-19","857678","334","Puma","slippers","34"
"Elisha Noble Kinnock","2022-12-19","544365","302","Converse","sneakers","40"
"Sheffy Gavin Heddy","2022-07-20","388017","399","Reebok","boots","48"
"Eugenie  Marquess","2023-05-25","428523","207","Fila","heels","50"
"Elladine  Ricker","2022-09-09","269379","468","Adidas","flats","38"
"Fara  Davet","2022-09-25","249745","485","Adidas","flats","45"
"Erasmus Cleavland Lefeuvre","2022-07-15","497856","67","Under Armour","sandals","43"
"Aleda Bibi Cheshir","2023-01-19","730420","216","Skechers","slippers","48"
"Valentine Sela Sarjent","2023-03-23","139964","395","Nike","slippers","35"
"Gisella Dorris Lile","2022-07-23","792169","449","Vans","slippers","42"
"Lauren  Bento","2022-11-11","625533","494","Vans","sneakers","50"
"Corena  Greedy","2022-10-11","277052","240","Puma","flip flops","36"
"Linea  Fretwell","2022-11-29","852553","258","Vans","sandals","45"
"Reid  Leinweber","2022-11-03","71500","121","Vans","flats","45"
"Caria  Torrijos","2023-04-06","987321","50","Puma","boots","39"
"Logan Sim Grono","2022-11-09","492035","149","Converse","flats","50"
"Nanni  Ower","2022-12-01","262697","208","New Balance","flats","45"
"Jephthah  Lammenga","2023-04-12","103032","283","Reebok","heels","46"
"Leonardo Flint Pitchers","2022-09-28","405352","480","New Balance","slippers","34"
"Avril  Geistbeck","2022-09-03","699317","246","Vans","heels","41"
"Amil Jeanna Godfery","2022-12-05","356255","223","Fila","flats","34"
"Redd Ewart Houchin","2022-12-14","243842","184","Reebok","heels","34"
"Ezri  Seager","2022-12-27","617094","161","Reebok","flats","40"
"Emlynn  Vango","2022-09-01","912445","298","Converse","slippers","44"
"Elsinore  Joll","2023-05-21","951775","168","Vans","loafers","36"
"Tan Corbet Habbijam","2023-03-05","875920","373","Under Armour","heels","34"
"Bastien  Spendley","2022-12-28","798027","159","Nike","sandals","37"
"Sonni  Sincock","2022-08-11","808114","194","New Balance","sneakers","47"
"Amby  Pryer","2023-04-05","494682","444","Skechers","sneakers","36"
"Zorah Arabella Udale","2022-06-28","752844","159","Vans","loafers","45"
"Nikolas Aldo Doreward","2022-08-26","172918","243","Adidas","heels","35"
"Vidovik Court Ludman","2022-06-30","17345","260","Under Armour","loafers","50"
"Elbertina Bathsheba Connal","2022-09-27","207595","173","Converse","flats","39"
"Homere  Cardinale","2023-01-30","724475","252","Reebok","boots","34"
"Huey Pietro Ludlam","2022-12-07","231211","160","Vans","sneakers","37"
"Sydelle Hermia Villiers","2022-12-23","366605","289","Puma","flip flops","48"
"Coriss Tabbie Guirau","2022-11-29","531785","237","Under Armour","sneakers","43"
"Alidia Gipsy Kerrey","2023-05-05","710909","90","Under Armour","heels","36"
"Lawry  Watkiss","2022-10-08","22257","225","Fila","sandals","34"
"Brenda  Camolli","2023-01-30","304240","61","Under Armour","flats","36"
"Elvyn  Enright","2023-02-06","393238","283","Skechers","slippers","46"
"Wilton Sinclare Isakson","2023-03-01","900409","303","Skechers","sandals","36"
"Jamison Massimo Leipoldt","2022-07-02","547848","323","Fila","heels","35"
"Averyl Kamila Farrey","2022-10-25","247253","104","Puma","flip flops","45"
"Brooks Ruthi Bodham","2022-09-28","336915","246","Nike","slippers","41"
"Laurella  Lavell","2022-07-21","939152","330","Vans","loafers","48"
"Kelley  Scripture","2022-09-14","164195","422","Under Armour","heels","50"
"Amelita Jerrine Spong","2022-10-20","418456","225","Adidas","slippers","49"
"Nathanial  Grimditch","2022-06-02","831073","102","Skechers","flats","48"
"Quinn  Corsham","2022-10-03","269883","85","Under Armour","boots","34"
"Karia Daryn Semechik","2023-03-10","93141","494","Puma","heels","44"
"Alvy  Searle","2022-10-24","322964","200","Skechers","slippers","45"
"Fallon  Gronou","2022-08-22","510110","198","Nike","heels","38"
"Osborn  Suffe","2022-11-12","796049","142","Nike","boots","39"
"Jackie Roch McKern","2022-11-21","706179","463","Reebok","loafers","48"
"Vallie  Tander","2022-07-07","353434","160","Reebok","sandals","43"
"Bing  Boskell","2022-06-05","241095","126","Converse","heels","41"
"Ekaterina  Toward","2023-04-19","39048","142","Under Armour","flats","36"
"Elinore Cynthy Tasch","2022-11-18","951879","57","Under Armour","sneakers","35"
"Daron  Copnar","2023-01-29","201914","371","Vans","sneakers","34"
"Parrnell Ricard Kingett","2022-06-21","807389","130","Reebok","flats","42"
"Kayne Rad Crutch","2022-09-21","591516","70","Under Armour","flip flops","46"
"Valene Gypsy Demaine","2022-06-03","951316","116","Under Armour","slippers","36"
"Adrea Koren De Ferrari","2022-07-01","283341","187","Puma","boots","47"
"Oran Dalli Ilyunin","2022-12-23","378213","154","New Balance","flats","38"
"Ronny Leland O'Doherty","2022-06-16","706663","131","Vans","sneakers","50"
"Glennis Irena Meynell","2022-10-11","910133","95","Converse","slippers","49"
"Chariot  Hubberstey","2023-05-21","964162","375","Adidas","loafers","41"
"Kimbra  Giacomini","2023-05-17","21160","174","Nike","flats","46"
"Berget Fernanda Kingescot","2022-07-21","817649","420","Converse","boots","46"
"Bay Obediah Brecknell","2022-12-19","750909","479","Converse","sneakers","41"
"Robinet Guenevere Gibbard","2023-05-28","768776","262","Adidas","heels","46"
"Dalli  Silson","2023-02-02","978003","237","Reebok","heels","35"
"Clive  Hentzeler","2022-12-11","709214","360","Fila","boots","39"
"Dar  St Quenin","2023-02-12","997454","256","Reebok","heels","41"
"Harlan Gib Vost","2023-04-05","830276","308","Reebok","slippers","39"
"Whit Alix Sugg","2022-10-18","137252","364","Vans","boots","35"
"Renelle Jacquenette Roddie","2023-04-21","897859","391","Under Armour","flats","48"
"Nissa Edie Licciardi","2023-01-02","990432","256","Puma","sneakers","47"
"Ian Garwin Paoletti","2022-05-31","867671","451","Puma","heels","49"
"Karleen Kayley Bidnall","2022-08-03","989593","390","New Balance","slippers","40"
"Kendell  Bantock","2023-05-10","375973","304","Skechers","loafers","47"
"Ambrosio  Absolem","2022-10-05","136921","426","Converse","loafers","45"
"Teresina  Loalday","2023-05-03","476295","443","Nike","heels","39"
"Sacha  Josephs","2022-12-03","116391","489","Nike","loafers","35"
"Randee Marline Samweyes","2022-09-15","208099","399","Reebok","flip flops","37"
"Rori Maye Wordsworth","2022-08-01","566180","376","Converse","boots","39"
"Drugi Jerome Sussex","2022-11-22","340183","311","New Balance","flats","49"
"Lockwood Gunter Earlam","2022-06-17","973415","325","Under Armour","slippers","46"
"Zacherie Drew Fudger","2023-03-16","194151","263","Skechers","heels","44"
"Athene  Bridgestock","2023-04-12","622823","454","Vans","loafers","34"
"Abelard  Lelande","2023-02-15","548235","253","Skechers","flip flops","42"
"Pascale  Rockell","2023-03-31","930836","345","Converse","slippers","41"
"Madalena Guillema Da Costa","2022-10-07","735498","218","Puma","slippers","46"
"Drusie Celinda Burkinshaw","2022-10-22","337647","272","Vans","boots","35"
"Lon  Potticary","2023-05-25","911938","380","Adidas","boots","39"
"Melesa  Lendon","2023-01-19","816256","195","Converse","boots","50"
"Candra Dody Muriel","2023-04-03","445139","429","Fila","sneakers","44"
"Valeda Jenica Pickup","2022-06-12","534983","144","Converse","sneakers","41"
"Ashby  Yurikov","2022-08-28","899259","357","Puma","sneakers","34"
"Lynda Bernadene Castiglione","2023-03-03","297683","391","Reebok","boots","37"
"Lion  Zecchinii","2023-05-11","443709","152","Vans","sneakers","46"
"Johnette  Thumann","2022-11-20","701690","115","Converse","slippers","44"
"Thaine  Chesterfield","2022-08-31","28868","292","Fila","slippers","41"
"Victoria  Rockell","2023-01-21","319257","213","Puma","sandals","35"
"Moises Quillan Stanworth","2022-12-16","421201","440","Vans","flats","49"
"Sullivan Gabe Buist","2022-10-16","598387","100","Vans","boots","39"
"Lissie  Stormont","2022-12-25","733516","311","Converse","flip flops","41"
"Baily  Garner","2022-06-08","694931","241","Reebok","slippers","38"
"Tiffy  Wathan","2023-05-23","986795","325","Converse","heels","41"
"Ameline  Bendle","2023-03-12","18646","386","Vans","boots","39"
"Quinn Hilario Blaszkiewicz","2023-04-02","453532","154","Vans","flats","41"
"Odelle Tabina Allcoat","2022-11-10","326874","358","Nike","slippers","50"
"Sephira Sabra Loyndon","2023-02-15","854040","383","Puma","heels","34"
"Karon Hyacintha Stonard","2023-02-22","636699","131","Converse","flats","41"
"Hastie  Wanstall","2022-10-26","857746","192","Converse","boots","45"
"Weidar  Lewerenz","2023-05-28","297697","280","Skechers","boots","35"
"Lesli  Dallaway","2022-09-27","800715","291","New Balance","flip flops","34"
"Manda Grace Genney","2022-09-13","156480","404","Puma","flip flops","39"
"Beverlie Abigale Johnke","2022-10-26","333360","225","Adidas","flats","49"
"Rossie Don Greenhouse","2023-04-24","919121","464","Under Armour","flats","45"
"Derward Kent McKea","2022-12-13","479553","264","Skechers","heels","43"
"Ethelbert  Thominga","2022-12-19","484275","475","Vans","heels","47"
"Berty Rutherford Pepall","2022-07-28","27768","221","Nike","slippers","35"
"Emory  Brailsford","2023-01-23","390689","206","Skechers","flip flops","41"
"Gillan  Baroche","2023-04-25","774110","265","New Balance","boots","34"
"Red  Shawl","2023-01-17","939824","221","Vans","sandals","47"
"Errol Conway Gutherson","2022-06-23","21443","77","Reebok","heels","39"
"Tabbie  Buddle","2022-06-14","464152","432","Converse","boots","47"
"Arabele Minnie Hexam","2022-11-22","535573","75","Converse","boots","44"
"Cosetta  Leah","2022-12-19","613818","350","Skechers","slippers","38"
"Retha Jennette Tomasini","2022-09-12","680980","222","Vans","flats","35"
"Christopher  Palke","2022-08-24","443872","207","Under Armour","boots","49"
"Corey Keelby Argile","2022-09-18","142839","473","Converse","flip flops","39"
"Violante Amil Pettinger","2022-11-01","929456","406","Skechers","flip flops","41"
"Georgianne  Smedmoor","2022-11-20","17252","137","Skechers","sneakers","47"
"Mile  Pinnington","2022-10-31","956865","412","Skechers","sneakers","43"
"Merrick  Feeney","2022-08-06","59720","323","Under Armour","flip flops","45"
"Ibbie  Wigglesworth","2023-01-17","847182","232","Puma","flats","45"
"Rachel Valma Yearne","2022-08-26","693630","467","Vans","loafers","49"
"Micah Bruno Robens","2023-03-23","822951","234","Under Armour","heels","48"
"Lezley Hal Januszewicz","2023-02-23","471873","198","Vans","loafers","48"
"Igor  McClifferty","2023-02-07","165935","146","Reebok","loafers","38"
"Winn  Paulitschke","2022-08-11","60887","487","Reebok","boots","49"
"Shela Gertrud Mould","2022-09-12","564300","78","Converse","boots","41"
"Melissa  Refford","2022-08-02","479642","386","Puma","slippers","34"
"Trudy  Langthorne","2023-02-06","674106","79","Converse","loafers","39"
"Marlee  Whitta","2023-03-11","550438","60","Fila","flats","36"
"Ingram Briggs Kynder","2022-11-12","414095","241","Under Armour","boots","42"
"Heinrick Man Ripper","2022-08-26","157953","328","Reebok","loafers","36"
"Horatius  Kibbye","2022-10-11","446762","379","Puma","sandals","43"
"Odell Malchy Domke","2023-02-03","460086","228","Converse","sneakers","36"
"Terry Tim Charrett","2023-01-31","218891","320","Vans","flats","42"
"Udall  McMichael","2022-06-11","288281","449","Under Armour","sneakers","50"
"Sissie Gabriella Sloy","2023-02-11","504220","154","Vans","sneakers","47"
"Claire  Kochs","2022-09-16","46255","176","Vans","flip flops","47"
"Dieter Brod Bussy","2022-09-13","767317","351","Under Armour","sneakers","42"
"Skippie  Harman","2022-10-19","265845","371","Adidas","flats","45"
"Husein  Farlham","2023-05-13","475280","467","Puma","loafers","36"
"Cordey  Kenewel","2022-11-27","773008","499","New Balance","heels","40"
"Alia Teodora Abson","2022-09-22","521894","389","Under Armour","flip flops","48"
"Rianon  Wheelton","2023-01-19","173897","224","Adidas","flip flops","40"
"Jemima  Lared","2022-08-11","319324","213","Adidas","boots","47"
"Gerda  Lambird","2022-09-04","341656","426","New Balance","slippers","42"
"Stacy  Blaxeland","2022-12-24","256038","480","Fila","sandals","44"
"Saunders Pasquale Cottham","2022-06-25","441585","383","Converse","flats","37"
"Tybi Melisande Sinott","2023-04-18","533307","376","Puma","slippers","49"
"Harwell Danny Izchaki","2023-02-17","222814","175","Skechers","flip flops","44"
"Maison Ellis Pidgeon","2022-06-23","530334","97","Nike","heels","37"
"Cairistiona Pepita Ubanks","2022-12-25","326414","250","Puma","sneakers","34"
"Clari Isis Cordingley","2022-07-20","746493","462","New Balance","flats","44"
"Matty Cornell Garmey","2023-01-03","868790","142","Under Armour","flip flops","42"
"Tan Ansell Kirman","2023-02-12","773337","230","Fila","slippers","46"
"Abbie  Suggitt","2022-06-07","63102","330","Under Armour","heels","50"
"Dawna  MacCaghan","2023-01-24","880828","358","Reebok","sandals","36"
"Casey Shawn Rathbourne","2023-03-08","103744","322","Puma","flip flops","43"
"Marsiella  Ride","2023-02-17","736638","481","Fila","heels","35"
"Lothario  Orneles","2023-04-01","812345","321","Vans","sneakers","39"
"Chrissie  Timpany","2022-06-22","919924","184","Skechers","heels","43"
"Ginelle Gavra Henmarsh","2023-02-11","367349","175","Adidas","flip flops","44"
"Moselle  Aire","2022-06-19","243231","303","Vans","sandals","45"
"Kevan  Lannon","2022-08-11","550829","193","Reebok","loafers","49"
"Lyn Maxim Brusle","2022-11-23","922220","499","Skechers","loafers","38"
"Gianni Matthieu Enion","2022-12-12","998730","278","New Balance","sneakers","49"
"Orv  Favelle","2023-03-08","877470","276","Converse","loafers","46"
"Andi  Kiloh","2023-01-27","43071","348","New Balance","sandals","48"
"Delaney Dewain Colbertson","2022-11-23","997482","405","Fila","flats","42"
"Marge  Mailey","2022-08-14","366857","54","Skechers","boots","39"
"Cal  Cherry","2022-10-01","543343","348","New Balance","heels","41"
"Ramsey  Dawidowicz","2022-12-10","791751","327","Fila","heels","39"
"Bird Clarinda Cawthery","2022-07-23","28167","290","Adidas","flip flops","34"
"Hugibert  Lowless","2023-05-06","638625","236","Adidas","flats","39"
"Violante Gnni Dangerfield","2022-07-10","449798","231","Skechers","sneakers","41"
"Brett  Waplington","2022-07-25","863844","404","Skechers","flip flops","46"
"Imelda Angeline Akram","2023-03-17","892842","496","Reebok","slippers","41"
"Sergent  Branchflower","2022-09-29","436994","52","Nike","sneakers","44"
"Darb  Paulmann","2022-08-17","111218","472","Vans","flats","47"
"Briano Joe Malkin","2023-01-19","589654","397","Reebok","boots","50"
"Ilario  Lowrie","2022-12-07","110429","136","Under Armour","sandals","37"
"Maddy Ailis Tyres","2023-05-22","571919","163","Puma","flats","46"
"Nichole  Allans","2022-09-26","807275","213","Nike","flats","44"
"Leigh Tanny Ardley","2022-08-22","598449","89","Adidas","sandals","44"
"Merv Rowland Scragg","2023-03-17","996117","240","Vans","sandals","49"
"Devlen  Wallhead","2022-08-26","164522","358","Reebok","flats","46"
"Hiram  Elles","2022-10-12","676509","411","Fila","flip flops","41"
"Conn Filmore Benettelli","2022-08-26","663844","494","Nike","heels","43"
"Sherlock Rafaellle Olivazzi","2022-10-09","733483","286","Under Armour","loafers","35"
"Hyacinth  Golden","2022-12-21","164687","475","Vans","slippers","34"
"Pascale Roderich Sidlow","2023-04-08","298191","426","Reebok","heels","42"
"Allianora Bliss Vondrak","2022-08-10","843168","408","Fila","sneakers","36"
"Garnette  Collicott","2023-02-21","674789","384","Vans","sandals","42"
"Herve Wayne Blenkinsopp","2022-06-28","16833","313","Skechers","flip flops","37"
"Lulita  Hasely","2023-04-30","90373","323","Fila","sneakers","36"
"Anne  Izaac","2022-11-04","274082","203","Puma","loafers","46"
"Addy  Dominec","2022-07-13","277424","197","New Balance","slippers","38"
"Boyce Chaddy Iorizzi","2022-07-09","449834","200","Reebok","flats","48"
"Jess D'arcy Brownscombe","2022-10-07","617081","226","Converse","flip flops","40"
"Judon Carroll Vischi","2022-09-16","689813","468","Nike","flip flops","37"
"Ofelia  Benza","2022-08-17","92992","75","Nike","loafers","37"
"Noach  Abreheart","2023-05-10","189889","300","Vans","sandals","39"
"Fletch Virgilio O'Mullally","2022-09-26","265325","412","New Balance","sneakers","37"
"Darbie  Frenchum","2023-01-15","315530","86","Skechers","sandals","40"
"Venita Dosi McCawley","2022-12-08","308997","414","Skechers","boots","39"
"Collette Joane Straine","2023-04-13","271007","389","Adidas","heels","46"
"Brenda  Evangelinos","2022-07-09","909772","320","Skechers","sandals","48"
"Jules  Dongate","2022-07-17","221030","85","Puma","flats","48"
"Brendis Adamo Poskitt","2023-05-09","852276","299","New Balance","flip flops","40"
"Remy  Krier","2022-08-03","252825","437","Converse","slippers","38"
"Neysa Caitlin Terbrugge","2022-06-07","759784","369","New Balance","boots","37"
"Darsey Mitzi Lyne","2022-09-30","655950","298","Under Armour","sneakers","47"
"Rafi Frankie Kippling","2023-02-05","987933","338","New Balance","sandals","46"
"Alfy Jakob Simonazzi","2022-08-03","661107","366","Skechers","sneakers","40"
"Levi Jerome Helliwell","2022-09-06","125443","440","Skechers","boots","40"
"Laurie  Jepp","2023-02-22","585083","429","Puma","heels","46"
"Zeb  Purvis","2023-03-21","574508","327","Converse","heels","47"
"Laurianne  Brouncker","2022-08-20","585827","120","Under Armour","sneakers","50"
"Caryl  Harmant","2022-09-02","419836","489","Fila","boots","44"
"Thaddus  Allworthy","2022-09-26","285092","456","Fila","heels","48"
"Pammy  Scotchbourouge","2022-08-17","845103","463","Puma","boots","43"
"Harvey Gustavo Redan","2022-08-16","279023","424","Adidas","sandals","42"
"Beret Jennine Lente","2023-03-24","967875","242","Under Armour","flats","41"
"Griff  Kauscher","2022-11-13","66800","224","Skechers","slippers","46"
"Derrek  McKaile","2022-08-11","165437","169","Converse","loafers","34"
"Hilario  Oakton","2022-06-24","611832","333","Puma","heels","37"
"Catherin  Laneham","2022-06-18","701741","430","New Balance","sneakers","49"
"Dionysus  Victor","2023-05-22","528189","417","Nike","flats","45"
"Gerhard  Wickliffe","2023-01-14","798667","243","Puma","sneakers","47"
"Paulie Alisha Klosa","2022-07-25","935277","457","Skechers","loafers","50"
"Emera Addi Ladley","2022-07-09","390606","232","Under Armour","loafers","42"
"Giulio  Balasin","2023-04-15","77057","170","Reebok","sneakers","43"
"Phineas  Gregoraci","2022-12-11","836985","446","Vans","sandals","44"
"Matt  Dybald","2022-08-04","726138","374","Puma","boots","47"
"Esteban  Dofty","2023-02-08","152691","260","Under Armour","sneakers","43"
"Lynnet Loree Top","2023-02-09","948047","55","Skechers","loafers","47"
"Humphrey Desmund Clilverd","2023-02-17","648487","314","Reebok","heels","41"
"Tome Tyrone Roget","2022-09-13","681460","359","Vans","flats","38"
"Ailene Sadie Height","2022-12-21","475248","61","Fila","flip flops","48"
"Christoper Bobby Blanque","2022-09-06","630060","354","Adidas","boots","39"
"Ricky  Sweetenham","2022-09-17","618752","209","Nike","flip flops","39"
"Clarinda  Pawling","2022-11-28","719445","201","Reebok","sneakers","41"
"Ebenezer  Gethin","2022-08-29","534312","407","Skechers","heels","35"
"Olly  Hunting","2023-01-05","257900","355","Reebok","sandals","43"
"Samaria Darlleen Sambedge","2023-03-01","223021","101","Reebok","heels","48"
"Jayme  Kinneally","2023-04-15","874975","333","Fila","sneakers","38"
"Gal  MacKeig","2022-06-20","38753","271","Vans","flats","50"
"Gannon Mead Buffy","2022-07-17","366456","179","Under Armour","heels","47"
"Claudie Yetta Macbane","2023-03-27","16369","473","Converse","sandals","44"
"Sari Samara Thunders","2022-11-20","556523","429","Vans","heels","37"
"Pam Ara Emblin","2023-03-01","847899","104","New Balance","sandals","36"
"Dewey  Aslam","2023-03-19","632916","164","Under Armour","slippers","48"
"Malinde Elinore Mossop","2022-09-14","299106","148","Vans","boots","40"
"Carr Kerby Archell","2023-05-10","139155","407","Adidas","sandals","49"
"Anya Daffi Eliot","2022-09-21","533635","180","Nike","flip flops","48"
"Marquita  Mullins","2023-01-30","399748","476","Vans","sneakers","38"
"Cleon  Cunnington","2023-05-14","50645","206","Fila","heels","45"
"Yetty Talyah Yurchenko","2022-08-15","83209","484","Adidas","flip flops","45"
"Nicolai Bernie Bernasek","2023-03-24","313443","220","Under Armour","loafers","48"
"Natividad Aryn Liquorish","2022-08-23","857730","382","Puma","boots","48"
"Pepillo  Staddart","2023-05-07","134266","191","Reebok","flip flops","43"
"Allissa  Kolodziejski","2022-07-08","210104","164","Fila","flats","41"
"Loree Guillema Otson","2022-09-04","83796","133","Skechers","slippers","37"
"Corenda  Renackowna","2022-08-22","624204","93","Nike","flats","40"
"Velvet Dacy Edgeon","2022-09-24","317457","405","Converse","sneakers","50"
"Jaimie  Pegg","2022-10-14","645928","377","Fila","boots","50"
"Curtis Arlan Fallawe","2023-01-11","735022","180","Vans","boots","39"
"Lacee  Rivalland","2023-02-15","677550","460","Vans","sandals","47"
"Bud Tab Sibbet","2023-05-11","647428","268","Skechers","sneakers","40"
"Ewart Claire Smithen","2022-08-14","598279","96","Skechers","slippers","39"
"Gifford Blayne Durtnal","2022-12-25","269780","360","Vans","sandals","34"
"Mic Riordan Flett","2022-06-21","642709","284","Adidas","loafers","38"
"Augustin  Stolze","2022-10-23","100068","204","Reebok","loafers","39"
"Artur  Phillip","2022-10-15","854151","438","Adidas","heels","38"
"Gay Pavlov Kyle","2022-06-17","936232","396","Converse","flip flops","37"
"Andre Pasquale Dorin","2022-10-23","945491","188","Nike","sandals","46"
"Michaeline  Henrichsen","2023-01-08","880167","181","New Balance","slippers","37"
"Katey  Brion","2023-01-25","212600","439","Skechers","sandals","37"
"Stacee Earle Ravens","2022-10-29","801051","211","New Balance","slippers","43"
"Tonye  Sieghard","2023-03-05","935957","436","Adidas","slippers","38"
"Elmo  Saphir","2022-06-22","576683","240","Reebok","sandals","43"
"Lexie Carol Bradshaw","2023-01-05","536254","384","Converse","boots","43"
"Benedict Maury Atley","2023-04-18","514899","438","Puma","flip flops","35"
"Winna  Rishworth","2023-01-03","747047","168","Nike","flip flops","48"
"Johann Aleksandr Dymond","2023-01-31","695219","267","Vans","slippers","41"
"Tessie  Thomasset","2022-09-28","207006","259","Reebok","boots","49"
"Deb Lindy Haughan","2023-03-18","467291","331","Fila","heels","45"
"Gipsy Krystyna Chinge","2022-09-13","139853","154","Adidas","boots","50"
"Liana  Cockerham","2022-06-22","45756","474","Puma","flats","38"
"Vaclav  Geharke","2023-01-15","475419","279","Puma","sneakers","39"
"Ronald  Daouse","2022-07-11","795376","294","Under Armour","flip flops","39"
"Courtenay Olympia Siemianowicz","2022-11-22","988561","167","Vans","heels","39"
"Chere  Dillingstone","2022-10-29","513505","370","New Balance","sneakers","42"
"Agustin  Nortunen","2022-11-04","915024","435","Vans","boots","35"
"Nicola  Gave","2023-02-21","493756","448","Vans","sandals","35"
"Jess Dani Kissock","2022-11-23","180119","287","Reebok","sandals","50"
"Loni  Butters","2023-02-12","129506","219","Under Armour","sandals","34"
"Hannie Sydelle Wermerling","2023-01-28","122420","148","Nike","flip flops","38"
"Russ Killie Abraham","2023-05-21","695718","183","Nike","sandals","36"
"Morgen  Wormald","2022-11-29","750931","396","Converse","slippers","41"
"Virginia Amalie Bovaird","2022-06-03","306950","411","New Balance","loafers","34"
"Ralina  Leivers","2023-03-13","265719","91","Converse","heels","41"
"Leonid Erv Martynikhin","2022-12-21","417684","171","Converse","flip flops","48"
"Tremain Roma Chaloner","2022-10-03","653876","479","Converse","sneakers","48"
"Zane  Bamling","2022-09-24","746253","477","Skechers","slippers","49"
"Muire  Feitosa","2022-12-22","91345","452","Under Armour","slippers","48"
"Malorie  Shinfield","2022-09-12","355021","315","Nike","boots","36"
"Lulu  Bartoszek","2022-12-03","228272","392","Converse","boots","45"
"Constantine  Bunce","2022-12-31","869513","63","Vans","heels","50"
"Millard  Duckett","2022-06-24","549350","236","Skechers","flats","37"
"Stavro  Echlin","2023-01-22","748416","214","Under Armour","loafers","37"
"Lorry Bea Chatfield","2022-07-19","579177","325","Skechers","sneakers","39"
"Opalina  Brackpool","2022-09-14","844607","498","New Balance","boots","46"
"Maggi  Filimore","2022-11-07","161490","221","Converse","boots","34"
"Christophorus Wynn Gorwood","2022-10-16","818988","123","Fila","loafers","38"
"Llewellyn Godwin Kahn","2023-01-10","287018","372","Fila","sneakers","46"
"Hali  De Robertis","2023-05-23","116755","455","Fila","heels","49"
"Killian  Rickett","2023-04-09","116929","152","Nike","sandals","43"
"Carline  Duthie","2023-01-08","920110","472","Vans","flip flops","38"
"Wayland Otis Jedraszek","2022-11-23","639759","234","Fila","flip flops","49"
"Berkie Frasier Waleworke","2022-07-12","849275","93","Under Armour","flats","50"
"Hugues Thacher Ygou","2023-03-19","285868","330","New Balance","heels","34"
"Cord Mikey Plowman","2023-05-29","721837","268","Reebok","heels","41"
"Justin Clive Greensides","2022-08-26","789433","216","Fila","boots","37"
"Shep  Longcaster","2023-02-16","627301","387","Nike","sandals","46"
"Bennie  Maxfield","2023-01-03","445540","403","Reebok","boots","46"
"Dillie Faber Earsman","2022-10-29","132633","263","Fila","heels","40"
"Everard  Deering","2022-09-21","791252","433","Adidas","loafers","50"
"Maible Mathilda Tilburn","2023-02-19","56164","494","Skechers","heels","46"
"Ralph Erhart Filippo","2022-08-15","31801","189","Adidas","sandals","44"
"Danna Charlotte Shutler","2022-11-12","412470","69","New Balance","heels","37"
"Sigismundo  Lubman","2023-04-16","695511","122","Nike","flip flops","47"
"Norri Charis Onslow","2023-02-23","11050","271","Under Armour","flip flops","40"
"Nelie  Stangoe","2022-07-05","759007","238","New Balance","slippers","48"
"Karia Olva Fownes","2022-11-03","817150","482","Under Armour","slippers","40"
"Claudine Jaine Casotti","2022-10-05","138111","114","Adidas","sneakers","49"
"Zebulon Claus McMeekan","2022-09-23","668527","81","New Balance","heels","44"
"Gaynor Angelita Gostage","2022-11-14","140915","175","Puma","sneakers","45"
"Ellery  Andrichak","2022-10-14","225082","219","Adidas","sandals","41"
"Nessi  McNutt","2023-02-24","523536","472","Reebok","slippers","35"
"Daryle  Sehorsch","2023-03-01","213416","188","Adidas","loafers","47"
"Annora Allx Boij","2022-09-01","976771","388","Vans","flip flops","41"
"Jerrylee Letty Stronach","2022-06-02","614446","291","Skechers","slippers","44"
"Valentino Anatollo Westphal","2022-10-30","272325","87","Adidas","flats","35"
"Joscelin  Golthorpp","2022-09-20","454479","174","Puma","boots","45"
"Adelind  McNabb","2023-03-30","45206","470","New Balance","loafers","35"
"Farlie  Boast","2022-12-23","218331","77","Under Armour","loafers","48"
"Adria Savina Measures","2022-09-04","686651","404","New Balance","flats","49"
"Ange Rhody Gerg","2023-04-15","469337","260","Adidas","boots","45"
"Ruthanne Jo Leamon","2022-08-14","558088","97","Adidas","boots","38"
"Marika Kalina Mallindine","2022-11-13","75333","275","Vans","slippers","43"
"Pedro Lemmie Senten","2022-07-25","710413","211","Reebok","boots","42"
"Jarad  Wendover","2023-03-29","173832","89","Adidas","boots","37"
"Kylie  Neath","2023-01-29","402619","189","Under Armour","sandals","38"
"Maxie  Garmons","2022-10-22","33473","327","Fila","sandals","46"
"Fredia  Wiltshear","2022-08-16","271732","409","Skechers","boots","50"
"Sol Vernor Roulston","2023-03-23","377392","439","Reebok","sandals","41"
"Valentine Lucretia O'Cannavan","2022-10-14","381884","95","Fila","flats","35"
"Eadmund Duane Hartigan","2023-02-03","109811","182","Reebok","sneakers","43"
"Edgardo Rickard Luter","2022-11-02","495695","349","Adidas","slippers","43"
"Vere Coreen Rego","2023-01-20","102758","425","Adidas","sandals","47"
"Laryssa Constancia Brouwer","2023-04-24","217723","304","Puma","loafers","35"
"Dyanne  Tolwood","2023-02-21","718114","70","New Balance","boots","43"
"L;urette  Canny","2022-08-22","581622","337","Puma","flip flops","37"
"Reeva  Hollidge","2023-04-01","635462","341","Skechers","flip flops","38"
"Jedd  Quadling","2023-05-21","219962","458","Skechers","sandals","45"
"Rosita Beitris Grollmann","2023-04-29","235379","494","Reebok","flip flops","36"
"Jerald Morly Pinnion","2023-03-23","317588","271","Puma","flip flops","44"
"Rainer  Juarez","2022-07-28","847642","192","Converse","loafers","50"
"Sapphire Andromache Cristofanini","2023-02-15","404710","245","Fila","boots","36"
"Thain  Legan","2023-03-09","734542","476","Vans","heels","48"
"Beverlie Anett Coneau","2023-02-18","18686","480","Fila","heels","36"
"Land  Pfiffer","2022-07-02","337945","349","Reebok","sandals","41"
"Allan  Yuryshev","2022-09-27","293632","252","New Balance","heels","41"
"Gareth  Peacocke","2023-02-23","269611","389","Converse","boots","44"
"Gan Lennard Padbury","2022-08-11","952090","56","Fila","flats","47"
"Fanchette  Pittson","2023-04-14","205946","236","Reebok","sandals","46"
"Didi Meara Cush","2022-08-03","857739","245","Converse","sandals","45"
"Bambie Aidan Van Arsdalen","2022-10-28","359180","65","Vans","slippers","38"
"Barr  Hayley","2022-08-18","364981","347","Vans","loafers","41"
"Cathryn  Instock","2023-02-07","326212","105","New Balance","boots","39"
"Sanford  Lyons","2022-10-11","415976","259","New Balance","heels","48"
"Aylmar  Mouatt","2023-01-03","317131","489","Under Armour","sandals","41"
"Essie Cynthy Wedderburn","2023-04-23","371780","421","Reebok","flip flops","45"
"Claudian Tristan Matzl","2022-06-11","928521","198","Puma","flats","39"
"Mayer  Josey","2023-04-17","544180","444","Adidas","flats","50"
"Stephannie  Woodcroft","2022-09-14","812825","147","Fila","flats","41"
"Debera Ivette Pumphreys","2023-01-25","337980","345","Fila","flip flops","35"
"Thomasin  Signorelli","2023-05-18","324598","197","New Balance","sneakers","38"
"Ezechiel  Banasik","2022-09-28","180325","315","Nike","sandals","42"
"Dalila Fidela O'Riordan","2022-12-19","536891","99","Reebok","slippers","38"
"Kynthia  Fawcus","2022-08-15","836928","160","New Balance","sandals","45"
"Orelle Sapphira Mundie","2023-01-20","786668","147","Vans","slippers","45"
"Carolin  Kernley","2023-05-07","478938","305","Nike","sandals","34"
"Kellia  Eccleston","2023-04-23","387640","213","Fila","slippers","36"
"Lorain  Lampard","2023-02-14","317681","193","Puma","flip flops","40"
"Rennie  Almack","2022-07-06","870438","262","Puma","sandals","34"
"Rab  Frany","2023-04-07","173959","395","Vans","sneakers","46"
"Tessy  McPhaden","2022-10-26","911397","349","Vans","flip flops","36"
"Guthrie  Tewkesberry","2022-11-16","108135","432","Nike","sneakers","50"
"Udale Felix Pascall","2022-09-23","275299","445","Converse","boots","39"
"Inna Ingaberg Lidierth","2022-10-30","682851","174","Reebok","sandals","37"
"Alair Ali Cruwys","2022-10-07","33692","498","Skechers","heels","47"
"Llywellyn Carlin Persent","2022-09-23","185215","335","Puma","slippers","34"
"Ellette Malanie Yarnold","2023-03-22","243891","375","Under Armour","sneakers","46"
"Adan Durward Bratty","2022-11-02","398874","119","Puma","sneakers","42"
"Eduino Bronny Fulun","2022-12-21","716940","386","New Balance","flats","36"
"Filberto  Spykings","2023-01-16","310872","196","Converse","slippers","35"
"Filia Clarice Deighan","2023-05-22","493305","494","New Balance","loafers","46"
"Flem Stevy Sleet","2022-09-25","454641","472","Adidas","flip flops","50"
"Sutherlan  Beckworth","2022-10-03","428427","488","Vans","sneakers","43"
"Harper  Scatcher","2022-07-11","173121","268","Under Armour","flats","43"
"Calhoun Edmund Gaynes","2023-05-28","647868","495","Vans","heels","50"
"Josey  Mongain","2023-02-17","481378","190","Converse","flip flops","39"
"Lewiss Zachariah Le Sieur","2022-05-30","603023","325","New Balance","loafers","44"
"Rosalinde Zonda Gravestone","2022-07-23","115816","338","Adidas","boots","48"
"Delores Lanita Ruse","2022-06-04","958040","349","Adidas","sandals","36"
"Damien Russ Prisk","2023-03-21","400749","60","Adidas","flip flops","45"
"Whitney Terrye Rubinsohn","2023-01-26","950970","72","Converse","loafers","39"
"Rossy  Beddin","2023-03-04","326172","308","Nike","flip flops","41"
"Justinn  Foale","2023-05-20","567446","269","Under Armour","flip flops","47"
"Josefa Filippa Gelland","2023-04-12","393884","442","Nike","flip flops","37"
"Sharlene  Tolossi","2022-08-28","315262","423","Nike","flats","46"
"Abdul  Klass","2023-02-01","229817","349","Reebok","heels","42"
"Electra Wylma Bryde","2022-07-28","698449","142","Adidas","loafers","36"
"Nertie  Reardon","2022-12-13","749933","241","Reebok","heels","45"
"Nester Oliver Leamon","2023-05-08","771103","142","Under Armour","heels","35"
"Adelaide  Faas","2023-01-15","15008","84","Reebok","sandals","38"
"Roderic  Ritelli","2023-05-16","845934","272","New Balance","loafers","34"
"Austen Gustav Sinnat","2022-09-28","358492","134","Adidas","slippers","49"
"Travers Xever Hulburd","2023-02-20","716758","261","Reebok","loafers","36"
"Wilie  Dollard","2022-08-04","792609","428","Skechers","flats","45"
"Brade  Fontelles","2023-02-23","419953","349","Fila","flats","49"
"Alia  Cuseick","2023-05-06","596174","160","Under Armour","flats","38"
"Harriot  Lermouth","2022-12-09","324624","387","Skechers","loafers","50"
"Amelita Daryl Hakeworth","2022-11-11","848618","460","Under Armour","heels","41"
"Aldric Rupert Pays","2022-07-01","711458","447","Converse","sandals","50"
"Janie Benni Alejandre","2022-10-19","765284","294","Fila","slippers","43"
"Albina  Brettell","2023-05-18","770188","187","Reebok","slippers","50"
"Rene  Kermott","2022-12-14","28510","131","Adidas","slippers","44"
"Sylas Dex Cabrara","2022-06-09","617936","292","Adidas","sneakers","40"
"Verney Rudolph Howel","2022-11-26","848438","84","Vans","boots","43"
"Cindie Livvie Geldard","2022-06-13","959261","265","New Balance","slippers","50"
"Ingrim  Lacy","2023-04-02","57321","127","Nike","flats","38"
"Rubi Shandra O'Longain","2022-10-03","169763","154","Converse","flip flops","48"
"Wilow Ree Joberne","2022-07-18","616640","240","New Balance","flats","36"
"Kevin  Mazey","2023-03-21","937813","500","Under Armour","sneakers","47"
"Raul  Duncan","2022-12-28","444379","279","Converse","sandals","47"
"Bellina Fiona Ramsier","2022-11-29","650641","283","Skechers","loafers","34"
"Rockwell Reese Vitet","2023-04-14","395564","262","Skechers","flip flops","42"
"Donn  Hollidge","2022-09-24","374199","353","Reebok","sandals","42"
"Edeline Morganica Hayler","2022-10-09","674902","450","Nike","sandals","44"
"Slade Cedric Sircombe","2022-10-30","937775","166","Reebok","flats","41"
"Dorry Brigitte Bengoechea","2023-03-11","230486","441","Nike","loafers","44"
"Carmella Franni Walsom","2022-10-10","30729","120","Skechers","flip flops","49"
"Ossie Lion De Pero","2022-11-18","178526","52","Reebok","heels","38"
"Dayna Elvira Bougourd","2023-01-06","74112","480","Converse","sneakers","48"
"Rouvin Hurlee Denis","2023-02-25","995413","105","Converse","flip flops","42"
"Alyosha  Dumbare","2023-02-25","614767","468","Fila","flats","36"
"Maynord  Hargrove","2022-12-07","91874","295","Nike","boots","45"
"Fairlie Richmound Iskowitz","2023-05-25","766013","165","Puma","flats","41"
"Pearla  O'Hogertie","2022-12-10","379088","64","Converse","loafers","43"
"Stephie Bertine Latchford","2022-10-19","82708","286","New Balance","sandals","42"
"Barthel Caryl Giovannazzi","2022-11-17","527882","470","Under Armour","sneakers","46"
"Hort  Lindup","2023-04-17","514088","492","Under Armour","heels","47"
"Sim Garreth Citrine","2023-02-19","874099","191","Puma","loafers","37"
"Janet  Popplestone","2022-12-11","78655","375","Fila","sneakers","44"
"Noah Dorian Bibb","2022-11-29","135839","498","Reebok","flip flops","50"
"Lark  Gulley","2023-05-08","413888","227","Under Armour","sandals","50"
"Natale Garrard Kristoffersson","2022-06-26","308312","316","Puma","sandals","34"
"Cassondra  Vandenhoff","2022-06-01","700788","60","Nike","flats","49"
"Eduard Mannie Nary","2023-01-06","868353","421","Reebok","heels","49"
"Faunie Rhianon Stubbes","2022-08-21","910861","339","Under Armour","boots","46"
"Dugald  Feldhuhn","2023-05-26","127817","66","Reebok","boots","42"
"Elset Adria Rulf","2023-04-15","533933","104","Reebok","flats","46"
"Twila Hazel Payze","2022-08-18","961936","448","Nike","sandals","39"
"Fiona  Pietrzyk","2023-03-10","577832","271","Under Armour","flats","36"
"Teodora  Ricarde","2022-06-28","680784","310","New Balance","sneakers","47"
"Binny Delly Mercer","2022-10-05","338386","216","Nike","boots","42"
"Tremain Jarred Gurr","2022-11-20","743628","464","Puma","heels","34"
"Charlotta  Pachmann","2023-04-24","362279","430","Converse","flats","49"
"Cliff  Freathy","2022-07-29","619391","423","Adidas","boots","48"
"Evin  Berrygun","2022-09-25","16961","273","Vans","sandals","44"
"Giulio Bale Oulner","2023-03-25","947603","490","Converse","slippers","34"
"Nicol  Attenburrow","2023-01-08","906054","497","Nike","slippers","50"
"Alec  Kuhnt","2022-07-20","947950","60","Puma","sneakers","34"
"Reggi Jeannette Valentinetti","2023-04-25","812576","414","Converse","heels","49"
"Gerri Norton Rumble","2022-08-10","170534","322","Converse","heels","49"
"Felice  Flaherty","2023-02-13","746852","114","New Balance","boots","47"
"Olag  Dureden","2023-05-02","79490","431","Adidas","sandals","37"
"Maury Chaunce Dreelan","2023-04-16","677471","103","Vans","heels","35"
"Lelah  Olliver","2023-03-30","689643","189","Skechers","slippers","50"
"Dario  Lorkins","2022-08-14","96905","125","Nike","flip flops","44"
"Barnie  McDoual","2022-12-14","74133","249","Vans","slippers","41"
"Templeton Andonis Benson","2022-09-16","658114","125","Nike","flats","34"
"Sophie Hattie Fielder","2022-08-25","715535","268","Converse","sandals","37"
"Adey  Okie","2022-11-13","499962","259","Nike","slippers","48"
"Dillon Adair Bloan","2023-02-27","821010","478","Under Armour","slippers","44"
"Moses  Varey","2022-08-07","454273","57","Converse","sandals","37"
"Caye Stefania Bleakman","2023-04-22","499530","114","Reebok","flats","37"
"Northrop  MacDearmaid","2022-11-23","221742","105","Reebok","loafers","35"
"Rubia  O'Donovan","2023-02-19","984844","499","Nike","sneakers","40"
"Fayette  Warboy","2023-01-14","547069","165","New Balance","slippers","49"
"Khalil Brockie Habbeshaw","2023-03-15","173933","450","Nike","sneakers","48"
"Cordell  Tawn","2023-05-04","69069","321","Vans","heels","39"
"Kellina Kissie Callinan","2022-07-01","602398","430","New Balance","loafers","36"
"Willow  Braidwood","2022-09-13","71302","303","Nike","flats","48"
"Trudi Lainey Yabsley","2023-05-18","164590","486","Puma","flip flops","38"
"Harwilll  Hartman","2023-03-14","751291","190","Fila","sandals","47"
"Misti  Gronowe","2022-12-17","652352","98","New Balance","loafers","34"
"Johnny Giff Waddilow","2022-11-26","418350","78","Fila","heels","35"
"Bette Halimeda Madgett","2022-09-30","309219","351","Under Armour","heels","46"
"Araldo Buddie Wisniewski","2022-08-15","957201","446","New Balance","slippers","41"
"Wye Chester Stidworthy","2023-01-04","792349","486","Skechers","heels","49"
"Stavro  McInally","2023-04-22","188045","407","Fila","loafers","35"
"Fleming Maison Donaho","2022-06-06","418243","148","Skechers","flats","42"
"Chickie  Busher","2022-07-17","446632","407","Fila","flip flops","35"
"Candra  Meldon","2022-09-06","721140","71","New Balance","sandals","46"
"Davina  Grafhom","2022-10-17","323815","397","Nike","flip flops","50"
"Terrence  Slateford","2022-07-04","733116","195","Skechers","flip flops","48"
"Halie  Morrallee","2022-09-08","972218","69","Nike","sandals","45"
"Sebastian Menard Poore","2022-12-06","478970","285","Under Armour","flip flops","47"
"Brandais  Edser","2022-12-21","867926","281","Under Armour","sandals","41"
"Row Gretel Groll","2023-03-12","525912","429","Vans","boots","34"
"Jaime Pren Jeenes","2023-04-03","329402","318","Puma","loafers","48"
"Susannah  Grishaev","2022-10-28","382551","425","Puma","sandals","46"
"Ringo Upton Denyakin","2022-11-07","151322","177","Nike","loafers","45"
"Maxi Wilow Mabb","2022-11-11","397771","393","Nike","sandals","45"
"Kliment Town Peele","2023-01-11","46388","496","Skechers","heels","36"
"Jacklin Dorthea McCutheon","2022-11-05","469029","402","Converse","flats","34"
"Krystal Agna Gudeman","2022-08-14","298547","248","Fila","sneakers","36"
"Mick  Tullett","2023-02-19","841690","198","Fila","slippers","48"
"Joete Kristine Kirrage","2022-11-27","368789","420","Vans","loafers","39"
"Bengt Maje Demonge","2023-03-26","767013","120","Vans","boots","44"
"Mira Daryn Shea","2023-02-15","733538","122","Skechers","slippers","47"
"Scottie  Widdowson","2022-09-10","437349","453","Under Armour","flip flops","41"
"Isabelle Mabel Scobbie","2022-07-11","12704","233","Nike","flats","45"
"Sherwin Doug Oaten","2023-02-25","511588","302","Nike","flats","35"
"Justino Walther Cawston","2022-11-25","382253","383","Reebok","flats","44"
"Lisa Tersina Dalmon","2023-02-17","838888","457","Under Armour","flats","36"
"Elita  Callum","2022-10-01","69943","417","Skechers","flip flops","50"
"Silvio Rodolfo Maciejewski","2022-09-09","861075","358","Adidas","sneakers","40"
"Winny Pierrette Bloys","2022-10-30","509279","400","Converse","loafers","46"
"Currie Manfred Trahear","2023-02-17","429590","399","New Balance","slippers","44"
"Alejandra  Schnitter","2022-09-03","631564","330","Converse","slippers","37"
"Pembroke  D'Antoni","2023-05-29","194466","224","Reebok","flats","45"
"Rowland  Salan","2022-07-05","286297","330","New Balance","heels","38"
"Yelena  Blowfelde","2022-11-11","976573","404","Fila","loafers","42"
"Darren Griffie Sawell","2023-05-24","307727","270","Adidas","heels","48"
"Elly  Buffery","2022-06-10","214884","462","Reebok","heels","48"
"Terrel  Magarrell","2022-11-18","378395","71","Reebok","heels","36"
"Sharyl Mallissa Matevosian","2023-03-31","569459","301","Adidas","flip flops","43"
"Garv Eben Cardiff","2022-06-25","865235","263","Converse","heels","40"
"Giffy  McPeck","2023-03-12","492868","106","Vans","slippers","39"
"Lurleen  Toffano","2022-09-23","386680","408","Nike","flats","49"
"Essa  Bollen","2022-12-13","587767","396","Puma","loafers","48"
"Blake  Pudsall","2022-09-02","820796","99","Vans","slippers","39"
"Latisha  Shurrocks","2022-08-20","799402","422","Fila","loafers","39"
"Michale Farly Feldman","2023-01-26","946950","71","Puma","sneakers","34"
"Benito  Lamlin","2022-08-26","672774","309","Reebok","sandals","36"
"Conny Marlin Fancet","2022-11-25","333884","182","Skechers","sneakers","37"
"Cassie  Squibb","2023-03-04","969135","185","Under Armour","loafers","39"
"Gabriell Blakeley Tripe","2022-08-22","826145","187","Adidas","loafers","39"
"Karl Giusto Uman","2022-08-03","421085","203","Fila","heels","49"
"Theodoric  Reubbens","2022-09-12","282564","406","Fila","slippers","49"
"Kit  Balling","2023-03-12","978218","229","Fila","boots","43"
"Ekaterina  Galfour","2022-09-22","268513","384","New Balance","sandals","50"
"Ronna  Kreuzer","2023-05-23","11588","367","New Balance","boots","35"
"Birdie Malvina Le Breton","2023-02-09","44248","419","Puma","flip flops","48"
"Renado  Blacktin","2022-11-29","566453","293","Converse","sandals","46"
"Ashlen Rora Hawe","2022-12-21","372581","56","Under Armour","flip flops","47"
"Naoma Carmelita Bann","2022-07-02","226267","372","New Balance","slippers","42"
"Madella  Pennycord","2023-03-08","164890","391","Skechers","flip flops","46"
"Aguie  Filler","2023-05-23","306700","473","Adidas","flats","44"
"Sheffie Kenton Jedrzejewicz","2023-03-27","890765","136","Puma","slippers","38"
"Darice  Redwood","2022-07-13","620572","66","Vans","sandals","43"
"Allin  O'Leary","2022-08-08","829692","369","Nike","boots","46"
"Eden Bianca Menhci","2022-09-26","572283","426","Converse","flats","36"
"Greer Jacqueline Hannen","2022-10-26","287192","299","Reebok","sandals","38"
"Kimball  Shadwick","2022-10-25","764062","336","New Balance","boots","37"
"Malvin  Thurlbeck","2022-07-13","557727","132","Adidas","sneakers","43"
"Dominick Mayne Guildford","2023-01-15","288308","81","Fila","boots","36"
"Wilbert Randell Connell","2023-01-21","244121","112","Nike","boots","40"
"Arv  Treppas","2022-09-08","683937","335","Converse","boots","48"
"Brandy Shelagh Cianni","2023-05-08","883421","398","Fila","boots","43"
"Archer Bertrand Snaddon","2022-09-28","565444","199","Adidas","sandals","45"
"Jaimie Marget Hyett","2022-11-14","784857","105","New Balance","sandals","46"
"Carrol Henry Brinsden","2022-07-25","183208","323","Under Armour","loafers","34"
"Hodge Willard Ruler","2023-01-14","733568","488","Nike","sneakers","47"
"Marissa  Bachellier","2023-01-07","892626","122","Vans","sandals","34"
"Jarret Vasilis Sollom","2022-10-17","90675","316","Adidas","sneakers","39"
"Anna-diana  Edgcombe","2022-11-06","605495","387","Vans","heels","37"
"Thatch  Stebbings","2022-08-02","233754","469","Skechers","flip flops","41"
"Patty  Drissell","2023-02-01","91777","414","Skechers","flats","49"
"Allix Viviene Allott","2022-10-26","635909","335","Vans","flip flops","38"
"Cherri Lebbie Boden","2023-01-29","817996","265","Vans","boots","49"
"Eduard  Carwithan","2022-08-19","3147704","88","New Balance","slippers","40"
"Joey Jose Cordero","2022-08-24","55607","123","Vans","boots","47"
"Lindy Gavan Gaffney","2022-11-22","218049","492","Reebok","loafers","39"
"Leyla Jenni Teresi","2022-06-27","828713","328","Converse","sandals","47"
"Hamid  O' Reagan","2023-02-06","240762","471","Nike","sandals","40"
"Willabella Marni Denne","2022-12-17","801562","465","Nike","flip flops","38"
"Woodie  Studholme","2022-10-19","551510","66","Adidas","sandals","38"
"Currey  Gillett","2022-10-29","279925","91","Puma","slippers","36"
"Shayne  Prior","2022-07-13","879172","186","Vans","flip flops","50"
"Morey  Aguirrezabala","2022-07-09","776115","304","Reebok","boots","35"
"Toby Tadeo Cornils","2022-11-22","662146","185","Vans","sandals","45"
"Petr Alfonso Van Velden","2023-02-24","550689","333","Skechers","sneakers","46"
"Vally  Pauer","2022-11-18","286373","183","Skechers","sneakers","47"
"Belinda  Lottrington","2022-09-13","921173","94","New Balance","flip flops","48"
"Salim  Stallibrass","2022-07-31","795420","112","Adidas","sandals","35"
"Chrissie  Wabersinke","2023-02-19","909091","221","Skechers","flip flops","49"
"Stafford Inglis Kondratenko","2022-07-23","307885","329","Vans","flats","49"
"Bastien  Barensky","2023-04-23","332733","182","Adidas","sneakers","46"
"Deena Latisha Spurge","2022-09-01","607832","114","Adidas","flats","40"
"Trever  McNiff","2022-11-02","175138","281","Puma","sandals","38"
"Brok  Carreck","2022-09-17","834186","215","Reebok","flats","49"
"Denice  Bumfrey","2023-05-21","398376","259","Adidas","slippers","37"
"Josefa  Lamba","2022-12-30","152341","175","Nike","slippers","42"
"Ike  Figgen","2023-01-05","812426","336","Adidas","loafers","40"
"Julie Cassandre Von Der Empten","2023-04-04","352290","69","Reebok","heels","43"
"Sunshine  Bride","2022-12-08","888599","173","Fila","flip flops","44"
"Abie  Christie","2023-05-21","202530","474","Puma","loafers","46"
"Hadria Winnifred Tunnoch","2022-08-14","568784","101","Reebok","flats","43"
"Darbee Dougy Medcalf","2023-01-19","113794","487","Reebok","boots","38"
"Daphna Steffane Wolfer","2022-06-22","164670","275","Converse","sandals","43"
"Joanne Georgine Bird","2022-07-30","387743","104","New Balance","slippers","46"
"Francisco  Stoggell","2023-02-23","565702","493","Fila","loafers","44"
"Elayne Marya Rive","2022-10-20","641379","244","Nike","heels","37"
"Issy  Wigg","2022-09-23","525453","174","Nike","heels","46"
"Clara  Agus","2022-09-28","506567","464","Skechers","flats","34"
"Fulvia  Kitley","2023-04-13","707953","355","Puma","sneakers","39"
"Roarke Jamal Pharaoh","2022-12-21","502958","79","Under Armour","sneakers","37"
"Harry  Kelberman","2023-01-05","716653","440","Adidas","sneakers","42"
"Bay Alonso Farndell","2022-09-07","821349","177","Under Armour","flip flops","41"
"Zoe Candra Vint","2022-11-15","458978","448","New Balance","sneakers","42"
"Carley Eliza Brabant","2023-02-26","756923","112","Converse","boots","45"
"Janelle  Lawrence","2022-09-16","850037","400","New Balance","boots","40"
"Bearnard  Casetti","2023-02-01","911721","246","Adidas","sandals","38"
"Anna-diane Holly Petrozzi","2022-08-29","23328","241","Converse","heels","36"
"Ody  De Blasi","2022-09-20","334946","254","Under Armour","sneakers","38"
"Rickie  Parham","2022-10-11","925943","277","Reebok","loafers","41"
"Cynthea  Duthie","2023-05-02","489747","125","Skechers","sandals","45"
"Antone  Meneghelli","2023-01-26","617260","300","Reebok","flats","34"
"Mei Polly Alliban","2023-05-19","455794","111","Nike","boots","45"
"Ezekiel Art Redford","2022-06-22","997560","359","Vans","sandals","40"
"Theresina  Cometti","2023-01-23","693029","488","Nike","heels","37"
"Tyrone  Rosi","2023-02-25","184447","93","Reebok","boots","44"
"Guinna  Billings","2023-02-18","582054","98","Nike","flats","34"
"Elvyn Giffard Mecco","2022-10-18","479970","123","Fila","flip flops","48"
"Kurt  Clubb","2022-09-03","466383","51","Reebok","slippers","49"
"Brendon  Samet","2022-10-22","427918","116","Nike","flats","39"
"Blinnie  Anning","2022-06-24","591453","314","Vans","slippers","50"
"Violet Shannon Kencott","2023-03-27","598913","189","Converse","flats","36"
