"Who Makes The Stock In ","Stock In Date","Stock In Id","Stock In Quantity","Shoe Brand","Shoe Type ","Shoe Size"
"Adolphus Carmine Semarke","2022-08-29","805263","415","Converse","slippers","36"
"Niki Liza Grimmett","2022-09-30","14337","102","New Balance","heels","48"
"Giraldo  Kitchinghan","2023-03-11","758722","281","Skechers","sandals","44"
"Aleta Robenia Eneas","2023-01-29","129213","430","Vans","sandals","37"
"Bernice  Dragonette","2023-01-23","788100","143","Nike","flats","49"
"Yovonnda  Pena","2022-07-11","188088","215","Reebok","boots","47"
"Cacilie Myrilla Ralls","2023-01-19","481848","434","Nike","boots","43"
"Hesther Hedwig Krzyzanowski","2023-05-11","335896","256","New Balance","loafers","35"
"Saxe  Merrigans","2022-10-28","982237","496","Vans","boots","34"
"Robert  Mar","2022-10-16","565089","401","New Balance","loafers","38"
"Alicia  Fosbraey","2022-11-06","988063","80","Reebok","slippers","39"
"Frederik Martin Blune","2023-04-03","865603","96","New Balance","sneakers","36"
"Norean  Davydychev","2022-10-12","454036","255","Under Armour","sandals","47"
"Matelda  Yeowell","2022-11-07","537629","282","Vans","loafers","37"
"Levon Erich Beachem","2023-04-06","26621","130","Vans","loafers","43"
"Zebulon Kelley Cabrara","2022-11-05","388141","346","Fila","sneakers","50"
"Sherrie Casi Sambeck","2022-09-14","814411","329","Reebok","loafers","36"
"Kellie Eimile Gargett","2022-11-22","303476","101","Nike","slippers","41"
"Yale Wadsworth Fuzzard","2023-03-18","489139","431","Skechers","loafers","42"
"Hayward  McMurty","2022-07-08","622364","368","Skechers","flip flops","43"
"Darla Ranique Hessle","2022-06-12","55044","115","Adidas","loafers","40"
"Tucky See Bolin","2023-05-11","404390","222","Vans","slippers","46"
"Nicholas Brion Berceros","2022-10-13","957558","174","Fila","sandals","48"
"Chariot  Hutchinson","2022-09-02","901579","445","Under Armour","flip flops","36"
"Theo Jase Coite","2023-03-11","813386","124","Fila","heels","43"
"Barclay  Cousin","2022-07-21","705283","441","New Balance","flip flops","47"
"Aleda Ermengarde Gresham","2022-08-25","783283","55","Nike","flats","45"
"Rubetta Gracia Christy","2023-05-14","773136","52","Converse","sandals","36"
"Jerrie Isis Abramino","2023-04-13","674428","219","Converse","sneakers","43"
"Jenine  Crowth","2023-04-25","648849","179","Vans","sandals","50"
"Anderson Brnaby Galiford","2022-07-22","691837","280","Vans","sneakers","45"
"Maurene Charmain Marte","2022-12-13","120134","435","Puma","loafers","40"
"Paolo Reynolds Stollsteimer","2022-08-18","243136","259","Vans","heels","47"
"Hulda  Byllam","2023-05-10","413538","221","Fila","sandals","44"
"Phillipe  Vauter","2022-07-18","591588","147","New Balance","heels","40"
"Norah  Bigglestone","2023-02-03","687410","368","New Balance","flip flops","41"
"Kesley  Tant","2022-07-20","293201","132","Converse","slippers","44"
"Michal Hobey Ordelt","2022-07-07","745232","90","Reebok","flats","35"
"Ranna Catarina O'Caine","2023-05-19","503000","178","Puma","boots","38"
"Doralyn Malinde Repper","2022-05-30","497838","290","Reebok","flats","43"
"Danita Maurene Northway","2023-05-23","509254","496","New Balance","boots","48"
"Nappie Shalom Vlasenkov","2022-07-06","697108","142","Fila","boots","43"
"Ginevra Caro Mew","2022-11-09","88838","367","Converse","boots","49"
"Jesus Tome Saill","2023-02-13","374549","358","New Balance","flats","48"
"Clotilda  Radnage","2023-03-12","942727","91","Reebok","boots","34"
"Eleanor Amalea Cressey","2022-06-16","927630","223","Skechers","heels","44"
"Cal Alick Synder","2022-07-27","379785","353","Skechers","sneakers","35"
"Woodrow Terence Keford","2023-05-26","675101","445","Under Armour","flip flops","35"
"Jade  Dumphrey","2023-03-03","157469","172","Fila","heels","47"
"Dante  Demann","2023-03-03","120223","287","Puma","flats","39"
"Darb  Assard","2022-08-19","700972","350","Nike","slippers","35"
"Maud  Annell","2022-08-27","101798","409","Skechers","boots","46"
"Purcell  Fillimore","2023-03-02","498844","369","Nike","flats","45"
"Erhard Xerxes Troth","2022-06-15","589483","317","Nike","flip flops","47"
"Janina Elladine Ambrosini","2023-05-19","321948","457","Puma","heels","49"
"Claiborne Olin Devonshire","2023-01-28","523670","477","Reebok","sneakers","40"
"Josefa  Draycott","2023-05-12","919426","174","Puma","loafers","46"
"Francois Laurence Clarke","2023-03-05","355557","238","Vans","heels","34"
"Rolland Merwin Kinworthy","2022-10-20","388155","242","Reebok","heels","40"
"Jarrid Carce How","2022-10-04","381451","357","Vans","loafers","39"
"Clyde  Shellsheere","2023-05-02","266431","191","Nike","flats","49"
"Brit  Ithell","2022-07-27","861176","92","Under Armour","sneakers","45"
"Sheree Juliette Panswick","2023-02-24","89600","377","Puma","flip flops","50"
"Sinclair  Barhems","2022-12-10","711464","361","Converse","loafers","46"
"Vida  McKennan","2023-04-08","274572","445","Skechers","boots","41"
"Cyb Mercedes Kirimaa","2022-07-23","904105","478","Converse","sandals","40"
"Griffy  Bedder","2023-04-10","222288","424","Reebok","sandals","36"
"Kilian  Conkling","2023-02-04","645713","350","Fila","slippers","35"
"Feliks Lorant Burgisi","2023-03-02","13848","59","Adidas","flip flops","36"
"Phil Ivonne McNeely","2022-06-03","78471","130","Vans","heels","38"
"Hannie  Brookz","2023-05-13","109411","105","Reebok","heels","34"
"Kile  Yven","2022-09-25","463553","349","Nike","loafers","36"
"Shanda Annice Moulder","2022-07-02","366648","398","Reebok","heels","37"
"Mathe Gearalt Ennor","2022-09-27","872951","491","Puma","heels","37"
"Benedicto  Mallia","2022-09-11","224288","157","Under Armour","loafers","38"
"Reamonn  Carroll","2022-12-06","318747","140","Fila","slippers","47"
"Artie  Winterbotham","2023-05-21","125479","484","Under Armour","sandals","40"
"Berty  Leipoldt","2022-12-06","635428","349","Reebok","sandals","46"
"Edita Druci Burgoyne","2023-04-26","677393","170","Puma","sandals","45"
"Ferdinanda Chiquita Rides","2022-10-07","143365","484","Reebok","sandals","46"
"Wilmer Ethe Chopping","2023-02-18","236200","313","Under Armour","sandals","37"
"Dianemarie  Geeves","2022-07-21","144295","351","Converse","flats","38"
"Tom Odell Pinchon","2022-10-11","273428","182","Puma","heels","37"
"Melita Ramonda Iuorio","2023-03-16","782761","465","Under Armour","sandals","46"
"Fionnula  Vaulkhard","2022-09-17","580493","486","Fila","boots","41"
"Mavis Clareta Joss","2023-04-13","499892","62","New Balance","flip flops","50"
"Berget  Farrant","2023-05-07","997994","173","Adidas","flats","40"
"Briana Christyna Caddick","2022-10-03","690811","137","Converse","flip flops","35"
"Nevile  Moyse","2023-01-22","232145","55","Puma","heels","40"
"Billie  Sheach","2022-10-20","52680","283","Adidas","flats","43"
"Tiebold  Osipenko","2023-02-10","314853","465","New Balance","flip flops","39"
"Ernestus Walker Lackinton","2022-07-12","712378","486","Under Armour","flip flops","39"
"Gabie Trent Sinncock","2022-07-24","612187","424","Vans","sandals","42"
"Querida Kippy De Meyer","2023-03-13","357703","407","Vans","boots","38"
"Demetra Carin Bartolini","2023-03-05","680222","427","Skechers","sandals","49"
"Amie Ange Poynor","2022-09-16","611244","107","Reebok","boots","38"
"Danya Cassaundra Cockarill","2023-04-24","55720","55","Under Armour","heels","41"
"Nobie Thorpe Swiggs","2022-08-13","235263","316","Vans","flip flops","43"
"Pepi Eloise Bowry","2022-11-12","806421","183","Puma","loafers","38"
"Wright  Hanway","2022-10-31","972057","412","Vans","boots","38"
"Ronalda Daile Blezard","2023-01-14","308230","101","Vans","flip flops","43"
"Ashlin  Skechley","2022-12-13","306759","419","Puma","slippers","50"
"Shauna  Poad","2023-02-14","403349","305","Converse","flip flops","44"
"Darya Opaline Etchell","2023-05-01","658189","57","Converse","loafers","49"
"Fabian  Covil","2022-06-14","748022","321","Converse","flats","41"
"Basilio  Soulsby","2022-11-21","750566","423","Under Armour","sneakers","42"
"Arman  Southorn","2023-02-28","772487","97","Reebok","boots","45"
"Nestor  Slucock","2022-09-09","692200","204","Vans","boots","39"
"Monti Lenard Bertomieu","2022-08-24","992881","500","Reebok","slippers","38"
"Gage  Pybus","2022-11-26","921398","169","Vans","sandals","39"
"Neala  Labet","2023-05-02","408824","240","Reebok","heels","40"
"Melony Queenie Curness","2022-06-24","847353","89","Nike","sandals","47"
"Charlot  Jakubski","2022-10-01","320627","471","New Balance","sandals","43"
"Gibb  Halsworth","2022-09-15","48998","479","New Balance","heels","38"
"Morly Fitz Astin","2022-10-09","199109","474","New Balance","sandals","39"
"Paton  Laughton","2022-09-04","119227","363","Adidas","sandals","49"
"Theo  Krop","2023-01-30","115229","262","Vans","boots","48"
"Norine  Elfleet","2022-12-16","994683","160","Reebok","boots","49"
"Tawsha Ronnie Ranken","2022-08-20","875910","446","Converse","flip flops","42"
"Caddric  Dunlop","2023-01-10","548993","120","Skechers","loafers","50"
"Mahalia  Dymoke","2022-08-01","652981","364","Skechers","sandals","46"
"Nickie  Mullineux","2022-09-12","431919","215","Vans","sandals","45"
"Krysta Sorcha Jaher","2022-10-24","895678","328","Adidas","loafers","40"
"Megen  Thing","2023-04-04","26682","103","Adidas","flats","48"
"Drona Karlee Marnes","2023-01-21","375242","255","New Balance","sandals","43"
"Matteo Rudyard Gamlen","2022-06-02","440245","78","Puma","boots","47"
"Anabelle Jada Garley","2022-12-01","777592","436","New Balance","flip flops","35"
"Petr  Beresford","2023-03-19","238300","328","Nike","sandals","39"
"Janet Olivie Kochs","2023-04-08","573237","73","Adidas","flats","48"
"Minnnie Linet Younge","2022-08-14","24858","418","Fila","sneakers","50"
"Kittie Dody Tebbe","2022-07-16","286172","223","Puma","flats","47"
"Lev  Castagneri","2022-08-25","595093","427","Skechers","loafers","45"
"Jorrie Hedwiga Schonfeld","2023-03-15","827859","290","Under Armour","loafers","37"
"Dru  Pes","2022-06-18","912590","300","Nike","flip flops","38"
"Kippie Eda Gyse","2022-08-21","950435","372","Nike","sandals","41"
"Arturo Marve Aizikowitz","2023-01-26","704594","89","Converse","loafers","44"
"Jaine  Pynn","2022-09-14","267626","459","Reebok","loafers","44"
"Barnaby Valdemar Szimon","2022-08-15","571680","155","Fila","loafers","42"
"Shelly Dorise Edleston","2022-09-19","781018","194","Reebok","flats","42"
"Jessika Xylina Hebbes","2023-04-05","926831","117","Vans","heels","44"
"Wiatt  Piele","2022-07-17","170024","291","Puma","loafers","39"
"Brendan  Rutland","2023-02-21","978071","224","Adidas","flats","47"
"Selene Dorthy Tick","2023-01-24","376308","377","Puma","slippers","36"
"Michal Gillian Perillo","2022-11-18","109969","426","New Balance","loafers","38"
"Mathe  Gallant","2022-09-16","129077","224","Fila","heels","48"
"Alfy  Deluca","2022-06-29","535997","207","Adidas","sneakers","44"
"Von Arlen Cowap","2023-05-26","182888","242","Fila","heels","46"
"Averil  Grizard","2023-02-07","430431","102","Adidas","flip flops","44"
"Orelle Gwendolyn Whittlesey","2022-09-05","749502","365","New Balance","slippers","35"
"Ingaberg  Hambly","2023-04-18","865957","169","Skechers","sandals","43"
"Inna Buffy Passman","2023-01-23","243858","331","Fila","flats","42"
"Frank Morris Livick","2022-06-12","437332","244","Skechers","boots","35"
"Orren  Cork","2023-01-07","692397","180","Skechers","loafers","44"
"Reider Kale Prangle","2022-06-24","395233","162","Adidas","sneakers","36"
"Linus Fulton Ratt","2023-04-27","647758","300","Vans","flats","39"
"Kris Wendel Tyt","2022-07-03","231453","376","Under Armour","sneakers","50"
"Ilka Clarita Paszak","2023-04-13","193328","329","Puma","flats","46"
"Matelda  Swepstone","2022-10-21","972982","292","Nike","slippers","49"
"Kath  Rasch","2022-12-04","513967","257","Puma","sandals","43"
"Bobina Rhianna Corkitt","2023-02-21","875061","185","Adidas","slippers","41"
"Phillie  Foucard","2022-11-07","745248","320","Nike","slippers","39"
"Junia  Escale","2023-02-04","159873","162","Skechers","sneakers","44"
"Alena  Bendixen","2022-08-06","677486","466","Fila","heels","41"
"Tiffie  Harhoff","2022-12-04","52436","209","Vans","boots","43"
"Waldon  Buttel","2022-10-13","769727","347","Reebok","flats","49"
"Erwin Christopher Gorse","2022-07-29","593453","323","Adidas","slippers","45"
"Kayle Coraline Janicijevic","2023-01-19","362070","132","Vans","boots","49"
"Lula  Wudeland","2022-08-18","100856","466","New Balance","heels","37"
"Mill Bruis Thirsk","2022-07-28","134153","491","Converse","sneakers","39"
"Camella Eve Mallatratt","2022-05-30","837560","243","Vans","heels","34"
"Husain Burl Chisman","2023-02-07","340907","275","Under Armour","heels","42"
"Pavla Mufinella Moreman","2023-03-15","123852","455","Converse","sandals","36"
"Minnie Row Cogdell","2023-01-16","662170","365","Reebok","loafers","40"
"Etheline Sonja Kops","2022-07-07","308440","101","Adidas","slippers","39"
"Vincents Alfie Castiglio","2022-10-04","278593","235","Converse","slippers","43"
"Valentina Anett Douse","2022-12-10","536189","416","Nike","slippers","44"
"Kennedy Heindrick Pinfold","2023-02-15","295923","74","New Balance","boots","46"
"Caryl  Slimmon","2022-08-22","328636","491","Adidas","boots","45"
"Frank Robinett Neasam","2023-05-01","667164","423","Converse","sandals","38"
"Stanford  Hatrick","2022-12-31","110178","138","Adidas","heels","39"
"Dew Grenville Cowndley","2022-07-22","936227","98","Converse","sandals","49"
"Ulrica  Stiff","2023-04-29","81970","461","Converse","flats","39"
"Cosme Brady Lally","2022-07-14","198966","409","New Balance","flats","35"
"Lev Goran Paget","2023-03-19","996320","461","Converse","flip flops","39"
"Jacky Lianne Duckworth","2022-06-01","913467","345","Reebok","boots","50"
"Lonee Lillis Bagworth","2022-06-04","823418","346","New Balance","slippers","40"
"Toby Lorant Udden","2023-02-28","569894","115","Puma","sandals","39"
"Hadlee Bryn Gilyatt","2022-12-26","845290","145","Nike","loafers","41"
"Xenia  Dixey","2023-05-17","947920","219","Under Armour","boots","40"
"Kirstyn Emmeline Petyakov","2022-12-24","530837","157","Fila","flats","42"
"Jeremias  Dudeney","2022-11-04","914605","433","New Balance","slippers","48"
"Brnaba Ossie Drawmer","2022-08-16","105573","164","Adidas","sandals","37"
"Ilaire  Greenhough","2022-08-31","765919","427","Fila","flats","39"
"Bradney  Pearton","2023-01-15","711260","88","Adidas","heels","48"
"Coretta  Raspel","2022-06-16","566376","396","Fila","flats","45"
"Roldan  Derham","2023-01-04","349457","173","Adidas","boots","44"
"Jsandye  Cholonin","2022-11-05","563841","162","Fila","loafers","49"
"Titos Killian Rogeon","2022-10-02","382800","113","Skechers","heels","43"
"Shel  Switzer","2022-12-09","923787","90","Converse","sandals","34"
"Inger  Esmead","2023-04-28","68533","85","Fila","sandals","45"
"Quent Robert Flewett","2023-02-05","767429","348","Vans","sneakers","48"
"Tammy Ban De Cristoforo","2023-05-22","576320","188","New Balance","boots","40"
"Jobye  Cosans","2023-01-29","202792","175","Adidas","sneakers","46"
"Leanna  Ridgeway","2022-07-24","508479","69","Fila","slippers","34"
"Celestyna  Laytham","2023-05-15","747504","467","Reebok","slippers","35"
"Glory Sydelle Leupoldt","2023-05-13","557637","306","Adidas","sneakers","38"
"Anne-marie Claire Cosbey","2022-10-22","330961","324","Skechers","flip flops","41"
"Vite Bradney Duker","2023-05-18","305999","162","Fila","sneakers","45"
"Fredric Reg Ick","2023-01-29","282715","386","Nike","loafers","39"
"Yettie Adda Hillan","2022-07-23","536049","188","Under Armour","boots","41"
"Lorilee  Crollman","2022-07-11","730356","275","Puma","heels","45"
"Arlette Devora Skells","2022-12-14","524499","171","Vans","slippers","43"
"Revkah  Krates","2023-04-15","927430","435","Adidas","flats","41"
"Beatriz Georgeanne Diplock","2023-01-19","828688","237","Adidas","heels","49"
"Mercie  McShane","2023-02-24","304252","168","Under Armour","flip flops","41"
"Remus  Buddock","2022-12-17","491144","190","Converse","heels","40"
"Klara  Jirek","2023-01-05","247471","325","Nike","sandals","43"
"Davidde  Dilawey","2022-09-06","883113","387","Converse","flip flops","47"
"Lydia  Haddick","2023-01-10","759047","280","Adidas","flip flops","50"
"Orv  Tellenbrok","2022-07-02","993437","151","Fila","slippers","46"
"Raynell Shela Browett","2022-09-04","471806","422","Converse","sneakers","49"
"Othilie Elizabet Capponeer","2023-05-11","386984","120","Adidas","slippers","48"
"Clari  Marcam","2023-03-28","430973","385","New Balance","loafers","46"
"Flory Marylinda Hewlings","2023-04-17","755792","216","Skechers","flats","47"
"Adriena  Issitt","2023-01-26","40459","168","Skechers","loafers","49"
"Hayes  Brosenius","2022-07-11","441526","121","Adidas","sneakers","38"
"Bellanca Martica Schurcke","2022-07-03","56754","232","Converse","slippers","34"
"Vasily  Hissett","2023-02-13","966983","185","Reebok","heels","43"
"Barty  Tocknell","2023-03-17","637995","481","Nike","flip flops","40"
"Angeli  Alvis","2023-05-03","676561","83","Puma","slippers","46"
"Aaren Amberly Featenby","2022-08-09","499006","191","Vans","sandals","38"
"Marcellus  Strangman","2022-10-15","990042","303","Skechers","sandals","48"
"Titos Edmund Took","2022-10-14","205158","236","Fila","loafers","39"
"Hobart Torry Vose","2022-11-11","642130","427","New Balance","sneakers","47"
"Tan Linn Clunan","2022-12-02","556465","175","Adidas","flip flops","37"
"Nikki  Galley","2022-11-08","441723","152","Under Armour","flats","50"
"Konrad Camey Douglas","2022-12-16","914262","394","Adidas","flats","35"
"Derrek  Polo","2023-04-28","980597","231","New Balance","sneakers","35"
"Chicky Marina Lansberry","2022-10-08","229180","238","Skechers","loafers","38"
"Juliette Maurizia Douty","2022-05-31","338808","473","Fila","flats","38"
"Tina Lacy Gosney","2023-01-28","148764","435","Vans","flip flops","43"
"Fayina Alexa Maulden","2023-02-04","891216","480","Reebok","slippers","35"
"Bev Durand Haxbie","2022-11-11","817820","253","Converse","boots","47"
"Standford  Brimicombe","2022-06-14","264145","61","Adidas","heels","49"
"Ellyn  Brudenell","2022-06-19","206514","303","Converse","boots","36"
"Tove  Cottis","2023-04-26","250254","281","New Balance","flip flops","44"
"Anson  Pesticcio","2022-12-15","464180","134","Converse","heels","38"
"Ennis Tully Hellyar","2022-07-11","643907","390","Reebok","heels","48"
"Dehlia Dorthea De Souza","2022-10-05","401071","149","Puma","sandals","46"
"Cy  Shah","2022-10-15","296376","110","Under Armour","sandals","44"
"Glennis  Breckon","2022-10-12","94807","261","Under Armour","flats","38"
"Marius  Critzen","2022-07-07","684901","213","Fila","flip flops","37"
"Walther Zacharias Marshalleck","2022-12-22","824815","348","New Balance","heels","36"
"Minor Alfons Shirland","2023-01-18","998731","296","Skechers","loafers","39"
"Tomasine  Tew","2022-06-06","781822","297","Puma","slippers","38"
"Grange Miguel Blaxill","2022-11-03","694087","163","Reebok","flats","50"
"Dinah  Ikringill","2022-10-14","718191","391","Reebok","sneakers","39"
"Emelina Martie Pringley","2023-02-17","704978","285","Skechers","slippers","37"
"Teddie Teodorico Daffern","2022-07-27","804194","439","Adidas","boots","43"
"Francesco  Drache","2022-10-21","543112","215","Under Armour","flip flops","41"
"Augie Davey Westgarth","2022-09-28","501324","413","Reebok","heels","47"
"Faye  Berthome","2022-09-27","807542","488","Fila","flats","50"
"Dwight  Airton","2022-12-22","514393","233","Fila","boots","47"
"Dinnie  Cutridge","2022-09-27","583177","288","New Balance","flats","38"
"Peria Melessa Piggot","2022-10-19","103491","73","Under Armour","loafers","49"
"Flynn  Pomfrett","2023-05-10","782580","110","Fila","heels","37"
"Eugene  Bellew","2022-07-02","748546","385","Reebok","flats","48"
"Lissi Madelin Winfindale","2022-11-24","791867","136","Vans","sandals","46"
"Cinnamon Michelina Gravett","2023-01-01","743304","72","New Balance","boots","47"
"Ingunna  Leale","2023-03-31","808567","119","New Balance","sneakers","36"
"Dela Jean Tapping","2023-02-02","170363","118","Vans","boots","49"
"Isadore  Amiranda","2023-03-14","590920","423","Reebok","slippers","49"
"Rockey  Aronstam","2023-05-13","828080","468","New Balance","boots","38"
"Dalila Jacquetta Rapa","2022-09-14","771502","337","Fila","slippers","43"
"Edgardo  Durand","2023-01-14","111729","317","Under Armour","sandals","38"
"Meyer Clim Hodgin","2022-06-15","255194","117","Adidas","heels","48"
"Marlowe  Guisby","2023-03-10","732865","419","Puma","sandals","35"
"Ingmar Toby Pierpoint","2023-01-08","91589","432","Vans","sandals","50"
"Camilla Almira Giacomello","2023-05-18","710839","456","Vans","sneakers","48"
"Hercule  Gillean","2023-04-03","862857","484","Adidas","flats","40"
"Delila Julienne Strangward","2022-05-31","172252","420","Nike","loafers","46"
"Abbye  Ingledow","2022-10-24","341073","56","Skechers","slippers","47"
"Alys Brigitte O' Sullivan","2022-08-08","249444","414","Puma","sneakers","43"
"Grantley  Busson","2022-07-31","917926","50","Nike","sandals","47"
"Christa  Hemstead","2023-05-09","707457","298","Under Armour","slippers","35"
"Henri Marlon Endecott","2022-12-04","233725","279","Under Armour","boots","46"
"Cirillo Lars Wannan","2023-02-25","706964","131","Adidas","flats","40"
"Erhart  Ching","2023-03-14","593319","257","New Balance","sandals","47"
"Rivalee Arlee Fladgate","2022-06-05","595320","208","Reebok","flats","43"
"Farra Maia Jacobsohn","2023-02-10","548473","235","New Balance","boots","50"
"Mariel  Benedtti","2023-05-20","768611","410","Adidas","boots","34"
"Jessie Georgy Dunican","2022-07-07","644726","449","Under Armour","loafers","34"
"Shea  Cockill","2022-11-16","925451","337","Converse","boots","50"
"Sosanna  Glitherow","2023-02-19","376213","120","Puma","slippers","43"
"Randa Shannen Oakwell","2023-04-20","542118","426","Skechers","slippers","39"
"Tasha Siouxie Pendlenton","2022-10-24","302919","147","New Balance","heels","41"
"Karlis Hew Waghorn","2022-06-07","503201","215","Adidas","flats","42"
"Isadora Kelila Kenryd","2022-12-06","353153","161","Nike","boots","45"
"Lil Sonya Benkhe","2023-05-10","406116","491","Converse","flip flops","36"
"Frazer Neale Daffey","2023-01-23","156539","309","Reebok","heels","43"
"Rawley  Delacote","2022-08-02","745316","110","New Balance","loafers","35"
"Mellicent Cristin Baulch","2023-01-09","657098","358","Vans","flats","34"
"Andy Ricky Pizer","2022-08-02","362381","92","Vans","slippers","40"
"Drud  Noyce","2022-07-26","225316","130","Reebok","sneakers","37"
"Roosevelt Siward Wheway","2022-06-12","232143","294","Puma","flip flops","46"
"Hesther Oralle Stearn","2022-07-29","109932","402","Reebok","loafers","37"
"Caesar  Adamiec","2023-02-21","875911","199","New Balance","loafers","49"
"Joey  Handscomb","2022-06-22","863245","54","Vans","sneakers","45"
"Ashbey  Bastian","2022-08-28","156297","222","Adidas","loafers","39"
"Lari  Alfonsetti","2022-11-06","504349","62","Converse","flip flops","41"
"Boothe Gaylor Haller","2022-06-19","41459","244","Under Armour","loafers","44"
"Hieronymus  McDougald","2022-08-06","50278","106","Fila","boots","44"
"Westbrooke Esteban Follis","2022-12-09","497202","67","Skechers","sandals","40"
"Halette Gloria Pearne","2023-05-03","612011","86","Skechers","flats","34"
"Zsa zsa Nadya Dunmuir","2023-02-26","769116","460","Vans","sneakers","35"
"Angelica Mikaela Cavie","2022-09-09","825918","492","New Balance","sneakers","37"
"Cloris Angelita Snelgrove","2022-10-08","411792","446","Under Armour","slippers","41"
"Krisha  Jiles","2022-12-21","568063","196","Vans","heels","36"
"Laura Mildred Blackborn","2023-05-21","808886","238","Converse","boots","45"
"Heinrik Johnnie Burgess","2022-12-06","472794","81","Puma","flats","41"
"Karmen  Rehme","2022-09-02","419561","294","Vans","flats","40"
"Alida  Dunnett","2022-07-21","365672","277","Fila","sandals","39"
"Poul  Sheach","2022-11-11","489909","162","Converse","boots","47"
"Ozzy  McGillivrie","2022-06-22","751094","80","Reebok","boots","48"
"Hal Fabien Roughley","2022-12-02","379438","85","Reebok","flats","42"
"Annabell Faythe Peret","2023-02-18","652031","52","New Balance","flip flops","38"
"Lynne  Sprigg","2023-01-12","364363","300","New Balance","flip flops","47"
"Glennie Elvera Cettell","2022-09-28","95233","409","Skechers","loafers","43"
"Ethelind Rivi Joubert","2023-03-14","788180","223","Puma","slippers","34"
"Elisha Noble Kinnock","2022-11-29","512006","50","Converse","sneakers","40"
"Sheffy Gavin Heddy","2023-03-05","661368","214","Reebok","boots","48"
"Eugenie  Marquess","2022-07-19","701427","58","Fila","heels","50"
"Elladine  Ricker","2023-04-22","375285","185","Adidas","flats","38"
"Fara  Davet","2022-09-25","348648","130","Adidas","flats","45"
"Erasmus Cleavland Lefeuvre","2022-08-18","913376","216","Under Armour","sandals","43"
"Aleda Bibi Cheshir","2022-09-18","975080","284","Skechers","slippers","48"
"Valentine Sela Sarjent","2023-03-01","820348","278","Nike","slippers","35"
"Gisella Dorris Lile","2022-08-13","301231","378","Vans","slippers","42"
"Lauren  Bento","2022-06-15","514314","302","Vans","sneakers","50"
"Corena  Greedy","2023-02-08","409202","287","Puma","flip flops","36"
"Linea  Fretwell","2023-05-03","454734","224","Vans","sandals","45"
"Reid  Leinweber","2023-04-27","421997","148","Vans","flats","45"
"Caria  Torrijos","2022-09-07","991559","479","Puma","boots","39"
"Logan Sim Grono","2023-04-16","390447","72","Converse","flats","50"
"Nanni  Ower","2023-03-14","922735","467","New Balance","flats","45"
"Jephthah  Lammenga","2023-02-17","240530","426","Reebok","heels","46"
"Leonardo Flint Pitchers","2023-04-22","116221","60","New Balance","slippers","34"
"Avril  Geistbeck","2022-11-14","785638","168","Vans","heels","41"
"Amil Jeanna Godfery","2022-11-23","86490","355","Fila","flats","34"
"Redd Ewart Houchin","2023-04-06","759888","128","Reebok","heels","34"
"Ezri  Seager","2022-11-28","878226","322","Reebok","flats","40"
"Emlynn  Vango","2022-07-20","990747","166","Converse","slippers","44"
"Elsinore  Joll","2022-07-15","112750","321","Vans","loafers","36"
"Tan Corbet Habbijam","2022-10-10","302207","199","Under Armour","heels","34"
"Bastien  Spendley","2022-06-11","836809","200","Nike","sandals","37"
"Sonni  Sincock","2023-03-17","122986","490","New Balance","sneakers","47"
"Amby  Pryer","2022-08-23","463767","125","Skechers","sneakers","36"
"Zorah Arabella Udale","2023-05-29","925098","428","Vans","loafers","45"
"Nikolas Aldo Doreward","2022-09-16","782380","118","Adidas","heels","35"
"Vidovik Court Ludman","2023-01-03","595650","164","Under Armour","loafers","50"
"Elbertina Bathsheba Connal","2023-01-28","609041","287","Converse","flats","39"
"Homere  Cardinale","2022-12-21","452795","402","Reebok","boots","34"
"Huey Pietro Ludlam","2022-12-18","935463","75","Vans","sneakers","37"
"Sydelle Hermia Villiers","2022-10-16","247252","312","Puma","flip flops","48"
"Coriss Tabbie Guirau","2022-12-13","178786","170","Under Armour","sneakers","43"
"Alidia Gipsy Kerrey","2022-08-07","635211","89","Under Armour","heels","36"
"Lawry  Watkiss","2022-06-04","229878","465","Fila","sandals","34"
"Brenda  Camolli","2023-04-21","355347","114","Under Armour","flats","36"
"Elvyn  Enright","2023-02-26","427192","459","Skechers","slippers","46"
"Wilton Sinclare Isakson","2023-04-03","870264","453","Skechers","sandals","36"
"Jamison Massimo Leipoldt","2023-03-12","759490","185","Fila","heels","35"
"Averyl Kamila Farrey","2022-12-07","257721","59","Puma","flip flops","45"
"Brooks Ruthi Bodham","2022-07-11","463413","299","Nike","slippers","41"
"Laurella  Lavell","2022-12-19","723578","333","Vans","loafers","48"
"Kelley  Scripture","2023-01-24","560866","345","Under Armour","heels","50"
"Amelita Jerrine Spong","2022-06-10","876330","189","Adidas","slippers","49"
"Nathanial  Grimditch","2022-08-17","396045","362","Skechers","flats","48"
"Quinn  Corsham","2023-05-14","332941","61","Under Armour","boots","34"
"Karia Daryn Semechik","2023-01-03","541495","126","Puma","heels","44"
"Alvy  Searle","2023-04-09","193857","354","Skechers","slippers","45"
"Fallon  Gronou","2022-08-10","27602","444","Nike","heels","38"
"Osborn  Suffe","2022-07-29","871107","127","Nike","boots","39"
"Jackie Roch McKern","2022-07-03","241333","86","Reebok","loafers","48"
"Vallie  Tander","2022-12-18","903455","397","Reebok","sandals","43"
"Bing  Boskell","2022-06-30","272141","442","Converse","heels","41"
"Ekaterina  Toward","2022-06-12","662024","350","Under Armour","flats","36"
"Elinore Cynthy Tasch","2023-03-15","605422","253","Under Armour","sneakers","35"
"Daron  Copnar","2022-12-10","357180","252","Vans","sneakers","34"
"Parrnell Ricard Kingett","2022-07-31","237979","487","Reebok","flats","42"
"Kayne Rad Crutch","2023-05-09","815319","137","Under Armour","flip flops","46"
"Valene Gypsy Demaine","2023-02-13","305843","480","Under Armour","slippers","36"
"Adrea Koren De Ferrari","2022-06-22","418098","368","Puma","boots","47"
"Oran Dalli Ilyunin","2022-07-26","832942","470","New Balance","flats","38"
"Ronny Leland O'Doherty","2022-06-29","961661","143","Vans","sneakers","50"
"Glennis Irena Meynell","2023-03-05","854006","410","Converse","slippers","49"
"Chariot  Hubberstey","2022-08-14","424772","178","Adidas","loafers","41"
"Kimbra  Giacomini","2022-07-16","338691","269","Nike","flats","46"
"Berget Fernanda Kingescot","2023-03-22","93724","295","Converse","boots","46"
"Bay Obediah Brecknell","2023-02-24","806442","67","Converse","sneakers","41"
"Robinet Guenevere Gibbard","2022-07-24","79305","466","Adidas","heels","46"
"Dalli  Silson","2022-05-30","873605","394","Reebok","heels","35"
"Clive  Hentzeler","2022-08-25","949978","130","Fila","boots","39"
"Dar  St Quenin","2023-03-17","892839","254","Reebok","heels","41"
"Harlan Gib Vost","2022-06-07","717091","359","Reebok","slippers","39"
"Whit Alix Sugg","2022-11-26","638794","154","Vans","boots","35"
"Renelle Jacquenette Roddie","2022-06-08","169512","72","Under Armour","flats","48"
"Nissa Edie Licciardi","2022-06-02","96836","367","Puma","sneakers","47"
"Ian Garwin Paoletti","2023-05-04","606745","69","Puma","heels","49"
"Karleen Kayley Bidnall","2022-09-15","156645","122","New Balance","slippers","40"
"Kendell  Bantock","2023-02-26","730299","223","Skechers","loafers","47"
"Ambrosio  Absolem","2023-04-02","232109","165","Converse","loafers","45"
"Teresina  Loalday","2022-06-01","296293","433","Nike","heels","39"
"Sacha  Josephs","2022-07-23","699383","311","Nike","loafers","35"
"Randee Marline Samweyes","2023-02-11","34144","134","Reebok","flip flops","37"
"Rori Maye Wordsworth","2023-05-23","235817","270","Converse","boots","39"
"Drugi Jerome Sussex","2022-10-17","160169","483","New Balance","flats","49"
"Lockwood Gunter Earlam","2022-08-19","959910","466","Under Armour","slippers","46"
"Zacherie Drew Fudger","2023-04-14","73281","296","Skechers","heels","44"
"Athene  Bridgestock","2022-11-23","532702","283","Vans","loafers","34"
"Abelard  Lelande","2022-11-28","833849","93","Skechers","flip flops","42"
"Pascale  Rockell","2023-01-16","831765","305","Converse","slippers","41"
"Madalena Guillema Da Costa","2022-09-11","957439","161","Puma","slippers","46"
"Drusie Celinda Burkinshaw","2022-11-09","387120","148","Vans","boots","35"
"Lon  Potticary","2022-09-29","807272","329","Adidas","boots","39"
"Melesa  Lendon","2023-03-28","314849","361","Converse","boots","50"
"Candra Dody Muriel","2023-01-26","116271","67","Fila","sneakers","44"
"Valeda Jenica Pickup","2022-10-07","401415","461","Converse","sneakers","41"
"Ashby  Yurikov","2023-05-15","375509","339","Puma","sneakers","34"
"Lynda Bernadene Castiglione","2023-01-12","810145","357","Reebok","boots","37"
"Lion  Zecchinii","2022-06-12","117539","61","Vans","sneakers","46"
"Johnette  Thumann","2023-03-01","971787","130","Converse","slippers","44"
"Thaine  Chesterfield","2023-05-20","536235","408","Fila","slippers","41"
"Victoria  Rockell","2022-06-22","276654","271","Puma","sandals","35"
"Moises Quillan Stanworth","2023-04-21","599293","334","Vans","flats","49"
"Sullivan Gabe Buist","2022-09-12","124858","343","Vans","boots","39"
"Lissie  Stormont","2022-06-01","128312","90","Converse","flip flops","41"
"Baily  Garner","2023-02-20","152111","496","Reebok","slippers","38"
"Tiffy  Wathan","2022-12-06","80899","129","Converse","heels","41"
"Ameline  Bendle","2022-08-28","123716","131","Vans","boots","39"
"Quinn Hilario Blaszkiewicz","2022-07-29","504771","315","Vans","flats","41"
"Odelle Tabina Allcoat","2023-01-04","959280","431","Nike","slippers","50"
"Sephira Sabra Loyndon","2023-01-05","874603","118","Puma","heels","34"
"Karon Hyacintha Stonard","2022-12-17","406164","327","Converse","flats","41"
"Hastie  Wanstall","2023-02-20","344162","427","Converse","boots","45"
"Weidar  Lewerenz","2022-10-25","669591","388","Skechers","boots","35"
"Lesli  Dallaway","2023-01-21","596560","403","New Balance","flip flops","34"
"Manda Grace Genney","2023-03-11","748771","265","Puma","flip flops","39"
"Beverlie Abigale Johnke","2022-07-07","644688","227","Adidas","flats","49"
"Rossie Don Greenhouse","2023-03-18","624356","331","Under Armour","flats","45"
"Derward Kent McKea","2022-11-26","838274","121","Skechers","heels","43"
"Ethelbert  Thominga","2023-04-12","397015","349","Vans","heels","47"
"Berty Rutherford Pepall","2023-03-09","358995","86","Nike","slippers","35"
"Emory  Brailsford","2022-08-14","845350","481","Skechers","flip flops","41"
"Gillan  Baroche","2023-03-30","520635","377","New Balance","boots","34"
"Red  Shawl","2022-12-25","677826","290","Vans","sandals","47"
"Errol Conway Gutherson","2023-02-20","525684","332","Reebok","heels","39"
"Tabbie  Buddle","2023-01-06","272259","464","Converse","boots","47"
"Arabele Minnie Hexam","2023-05-02","917514","273","Converse","boots","44"
"Cosetta  Leah","2023-04-12","919429","203","Skechers","slippers","38"
"Retha Jennette Tomasini","2023-02-26","626530","345","Vans","flats","35"
"Christopher  Palke","2022-08-28","297225","66","Under Armour","boots","49"
"Corey Keelby Argile","2022-12-18","39621","425","Converse","flip flops","39"
"Violante Amil Pettinger","2023-05-03","751308","62","Skechers","flip flops","41"
"Georgianne  Smedmoor","2022-07-11","911997","174","Skechers","sneakers","47"
"Mile  Pinnington","2022-10-31","310466","276","Skechers","sneakers","43"
"Merrick  Feeney","2023-05-08","774066","337","Under Armour","flip flops","45"
"Ibbie  Wigglesworth","2023-03-13","294064","376","Puma","flats","45"
"Rachel Valma Yearne","2022-08-27","206608","156","Vans","loafers","49"
"Micah Bruno Robens","2022-06-05","815997","250","Under Armour","heels","48"
"Lezley Hal Januszewicz","2022-10-23","502099","168","Vans","loafers","48"
"Igor  McClifferty","2023-03-11","230668","377","Reebok","loafers","38"
"Winn  Paulitschke","2023-02-09","438829","178","Reebok","boots","49"
"Shela Gertrud Mould","2023-05-01","804083","238","Converse","boots","41"
"Melissa  Refford","2023-05-15","678720","223","Puma","slippers","34"
"Trudy  Langthorne","2023-04-13","394193","54","Converse","loafers","39"
"Marlee  Whitta","2022-06-19","926393","430","Fila","flats","36"
"Ingram Briggs Kynder","2022-11-08","653093","358","Under Armour","boots","42"
"Heinrick Man Ripper","2023-05-13","825834","391","Reebok","loafers","36"
"Horatius  Kibbye","2022-11-29","501754","103","Puma","sandals","43"
"Odell Malchy Domke","2022-08-30","729912","52","Converse","sneakers","36"
"Terry Tim Charrett","2022-12-03","405335","113","Vans","flats","42"
"Udall  McMichael","2023-04-19","104897","112","Under Armour","sneakers","50"
"Sissie Gabriella Sloy","2022-10-05","117414","126","Vans","sneakers","47"
"Claire  Kochs","2023-01-30","722889","184","Vans","flip flops","47"
"Dieter Brod Bussy","2023-04-05","589449","349","Under Armour","sneakers","42"
"Skippie  Harman","2022-10-30","591185","111","Adidas","flats","45"
"Husein  Farlham","2022-06-04","340569","478","Puma","loafers","36"
"Cordey  Kenewel","2022-07-03","484294","216","New Balance","heels","40"
"Alia Teodora Abson","2023-01-25","286902","156","Under Armour","flip flops","48"
"Rianon  Wheelton","2022-10-17","303728","121","Adidas","flip flops","40"
"Jemima  Lared","2022-11-12","896936","79","Adidas","boots","47"
"Gerda  Lambird","2022-10-11","45340","72","New Balance","slippers","42"
"Stacy  Blaxeland","2022-06-20","36914","103","Fila","sandals","44"
"Saunders Pasquale Cottham","2023-02-26","179573","332","Converse","flats","37"
"Tybi Melisande Sinott","2023-03-23","938979","226","Puma","slippers","49"
"Harwell Danny Izchaki","2023-05-06","603378","363","Skechers","flip flops","44"
"Maison Ellis Pidgeon","2022-08-23","587805","255","Nike","heels","37"
"Cairistiona Pepita Ubanks","2022-10-13","850417","465","Puma","sneakers","34"
"Clari Isis Cordingley","2023-03-04","412555","115","New Balance","flats","44"
"Matty Cornell Garmey","2023-02-13","61040","70","Under Armour","flip flops","42"
"Tan Ansell Kirman","2023-01-15","348791","91","Fila","slippers","46"
"Abbie  Suggitt","2023-04-15","452310","251","Under Armour","heels","50"
"Dawna  MacCaghan","2022-09-23","517699","292","Reebok","sandals","36"
"Casey Shawn Rathbourne","2023-04-27","385431","277","Puma","flip flops","43"
"Marsiella  Ride","2023-04-25","985643","160","Fila","heels","35"
"Lothario  Orneles","2022-11-30","604998","171","Vans","sneakers","39"
"Chrissie  Timpany","2023-02-03","434876","234","Skechers","heels","43"
"Ginelle Gavra Henmarsh","2023-03-05","900207","205","Adidas","flip flops","44"
"Moselle  Aire","2022-09-26","970523","321","Vans","sandals","45"
"Kevan  Lannon","2023-03-21","213213","245","Reebok","loafers","49"
"Lyn Maxim Brusle","2022-10-09","494919","309","Skechers","loafers","38"
"Gianni Matthieu Enion","2022-07-30","14343","366","New Balance","sneakers","49"
"Orv  Favelle","2022-10-13","607767","174","Converse","loafers","46"
"Andi  Kiloh","2022-07-18","922690","114","New Balance","sandals","48"
"Delaney Dewain Colbertson","2022-12-21","424541","254","Fila","flats","42"
"Marge  Mailey","2022-09-17","685488","279","Skechers","boots","39"
"Cal  Cherry","2023-02-21","809696","231","New Balance","heels","41"
"Ramsey  Dawidowicz","2022-09-29","962094","331","Fila","heels","39"
"Bird Clarinda Cawthery","2022-09-16","228058","326","Adidas","flip flops","34"
"Hugibert  Lowless","2023-05-06","284756","321","Adidas","flats","39"
"Violante Gnni Dangerfield","2022-08-01","515475","213","Skechers","sneakers","41"
"Brett  Waplington","2022-08-01","365681","371","Skechers","flip flops","46"
"Imelda Angeline Akram","2022-08-22","799009","203","Reebok","slippers","41"
"Sergent  Branchflower","2023-05-08","687671","438","Nike","sneakers","44"
"Darb  Paulmann","2022-06-17","458785","498","Vans","flats","47"
"Briano Joe Malkin","2022-11-02","227834","372","Reebok","boots","50"
"Ilario  Lowrie","2022-12-08","995598","103","Under Armour","sandals","37"
"Maddy Ailis Tyres","2023-05-23","991394","135","Puma","flats","46"
"Nichole  Allans","2022-08-14","252203","285","Nike","flats","44"
"Leigh Tanny Ardley","2023-02-25","607456","364","Adidas","sandals","44"
"Merv Rowland Scragg","2023-02-16","182519","498","Vans","sandals","49"
"Devlen  Wallhead","2023-02-28","980606","467","Reebok","flats","46"
"Hiram  Elles","2022-09-12","218874","150","Fila","flip flops","41"
"Conn Filmore Benettelli","2022-09-07","678100","322","Nike","heels","43"
"Sherlock Rafaellle Olivazzi","2022-09-01","703448","156","Under Armour","loafers","35"
"Hyacinth  Golden","2023-04-11","347756","317","Vans","slippers","34"
"Pascale Roderich Sidlow","2023-05-07","463623","110","Reebok","heels","42"
"Allianora Bliss Vondrak","2022-12-09","308132","204","Fila","sneakers","36"
"Garnette  Collicott","2022-10-27","677493","228","Vans","sandals","42"
"Herve Wayne Blenkinsopp","2022-12-06","116069","192","Skechers","flip flops","37"
"Lulita  Hasely","2022-10-22","568970","242","Fila","sneakers","36"
"Anne  Izaac","2023-05-26","703428","187","Puma","loafers","46"
"Addy  Dominec","2022-12-23","362848","456","New Balance","slippers","38"
"Boyce Chaddy Iorizzi","2023-01-26","320329","427","Reebok","flats","48"
"Jess D'arcy Brownscombe","2022-07-28","468648","449","Converse","flip flops","40"
"Judon Carroll Vischi","2023-04-26","277085","361","Nike","flip flops","37"
"Ofelia  Benza","2022-12-05","319758","324","Nike","loafers","37"
"Noach  Abreheart","2022-12-04","721312","390","Vans","sandals","39"
"Fletch Virgilio O'Mullally","2022-10-26","480121","262","New Balance","sneakers","37"
"Darbie  Frenchum","2022-08-03","971857","120","Skechers","sandals","40"
"Venita Dosi McCawley","2022-07-06","263846","65","Skechers","boots","39"
"Collette Joane Straine","2022-07-19","75534","76","Adidas","heels","46"
"Brenda  Evangelinos","2022-08-17","155422","427","Skechers","sandals","48"
"Jules  Dongate","2023-02-15","797039","461","Puma","flats","48"
"Brendis Adamo Poskitt","2023-02-22","310110","120","New Balance","flip flops","40"
"Remy  Krier","2023-01-01","52919","398","Converse","slippers","38"
"Neysa Caitlin Terbrugge","2022-11-24","661843","217","New Balance","boots","37"
"Darsey Mitzi Lyne","2023-04-02","252211","154","Under Armour","sneakers","47"
"Rafi Frankie Kippling","2022-11-07","236175","75","New Balance","sandals","46"
"Alfy Jakob Simonazzi","2022-07-13","667056","418","Skechers","sneakers","40"
"Levi Jerome Helliwell","2022-08-13","284000","348","Skechers","boots","40"
"Laurie  Jepp","2022-09-07","617434","368","Puma","heels","46"
"Zeb  Purvis","2022-08-03","742507","347","Converse","heels","47"
"Laurianne  Brouncker","2022-08-03","187381","145","Under Armour","sneakers","50"
"Caryl  Harmant","2023-01-21","615037","425","Fila","boots","44"
"Thaddus  Allworthy","2022-11-27","403172","329","Fila","heels","48"
"Pammy  Scotchbourouge","2023-03-27","639280","183","Puma","boots","43"
"Harvey Gustavo Redan","2023-04-27","989821","255","Adidas","sandals","42"
"Beret Jennine Lente","2022-12-10","485888","388","Under Armour","flats","41"
"Griff  Kauscher","2022-08-12","525498","212","Skechers","slippers","46"
"Derrek  McKaile","2022-06-24","829944","466","Converse","loafers","34"
"Hilario  Oakton","2022-10-21","679395","399","Puma","heels","37"
"Catherin  Laneham","2022-07-25","514568","414","New Balance","sneakers","49"
"Dionysus  Victor","2022-09-22","825299","354","Nike","flats","45"
"Gerhard  Wickliffe","2022-11-24","895824","324","Puma","sneakers","47"
"Paulie Alisha Klosa","2022-12-26","142179","211","Skechers","loafers","50"
"Emera Addi Ladley","2022-09-09","904537","164","Under Armour","loafers","42"
"Giulio  Balasin","2022-11-27","564212","355","Reebok","sneakers","43"
"Phineas  Gregoraci","2023-03-24","428177","59","Vans","sandals","44"
"Matt  Dybald","2023-04-03","44735","467","Puma","boots","47"
"Esteban  Dofty","2023-03-09","908050","384","Under Armour","sneakers","43"
"Lynnet Loree Top","2022-12-21","881962","292","Skechers","loafers","47"
"Humphrey Desmund Clilverd","2023-05-14","188425","233","Reebok","heels","41"
"Tome Tyrone Roget","2022-11-27","218731","419","Vans","flats","38"
"Ailene Sadie Height","2023-05-03","277451","429","Fila","flip flops","48"
"Christoper Bobby Blanque","2023-03-15","511266","87","Adidas","boots","39"
"Ricky  Sweetenham","2022-07-11","344587","227","Nike","flip flops","39"
"Clarinda  Pawling","2022-10-25","339888","83","Reebok","sneakers","41"
"Ebenezer  Gethin","2023-03-20","823104","293","Skechers","heels","35"
"Olly  Hunting","2023-03-01","633747","453","Reebok","sandals","43"
"Samaria Darlleen Sambedge","2022-06-15","530487","348","Reebok","heels","48"
"Jayme  Kinneally","2022-06-25","576426","135","Fila","sneakers","38"
"Gal  MacKeig","2023-03-18","869294","297","Vans","flats","50"
"Gannon Mead Buffy","2022-08-06","365799","348","Under Armour","heels","47"
"Claudie Yetta Macbane","2023-03-13","587647","182","Converse","sandals","44"
"Sari Samara Thunders","2022-06-13","812673","480","Vans","heels","37"
"Pam Ara Emblin","2023-05-04","671188","425","New Balance","sandals","36"
"Dewey  Aslam","2022-08-03","285344","476","Under Armour","slippers","48"
"Malinde Elinore Mossop","2023-05-04","218850","275","Vans","boots","40"
"Carr Kerby Archell","2022-07-21","680124","287","Adidas","sandals","49"
"Anya Daffi Eliot","2023-04-23","511312","315","Nike","flip flops","48"
"Marquita  Mullins","2023-01-26","672247","60","Vans","sneakers","38"
"Cleon  Cunnington","2023-03-19","475969","482","Fila","heels","45"
"Yetty Talyah Yurchenko","2023-05-08","301594","264","Adidas","flip flops","45"
"Nicolai Bernie Bernasek","2023-01-10","53854","478","Under Armour","loafers","48"
"Natividad Aryn Liquorish","2023-01-06","549286","355","Puma","boots","48"
"Pepillo  Staddart","2022-08-15","737188","268","Reebok","flip flops","43"
"Allissa  Kolodziejski","2022-06-04","686565","365","Fila","flats","41"
"Loree Guillema Otson","2023-05-18","817665","430","Skechers","slippers","37"
"Corenda  Renackowna","2023-03-09","675718","345","Nike","flats","40"
"Velvet Dacy Edgeon","2023-02-21","551712","161","Converse","sneakers","50"
"Jaimie  Pegg","2022-08-06","957970","88","Fila","boots","50"
"Curtis Arlan Fallawe","2022-11-08","876439","359","Vans","boots","39"
"Lacee  Rivalland","2023-05-02","841272","304","Vans","sandals","47"
"Bud Tab Sibbet","2023-04-27","941685","111","Skechers","sneakers","40"
"Ewart Claire Smithen","2022-06-17","462420","166","Skechers","slippers","39"
"Gifford Blayne Durtnal","2022-10-26","246787","107","Vans","sandals","34"
"Mic Riordan Flett","2023-01-01","665745","415","Adidas","loafers","38"
"Augustin  Stolze","2023-04-15","128876","312","Reebok","loafers","39"
"Artur  Phillip","2023-03-19","716537","311","Adidas","heels","38"
"Gay Pavlov Kyle","2023-02-12","460559","60","Converse","flip flops","37"
"Andre Pasquale Dorin","2022-06-11","731838","332","Nike","sandals","46"
"Michaeline  Henrichsen","2023-02-17","795103","456","New Balance","slippers","37"
"Katey  Brion","2022-12-12","796281","51","Skechers","sandals","37"
"Stacee Earle Ravens","2023-04-04","340721","384","New Balance","slippers","43"
"Tonye  Sieghard","2023-05-23","521483","127","Adidas","slippers","38"
"Elmo  Saphir","2022-07-01","392706","459","Reebok","sandals","43"
"Lexie Carol Bradshaw","2022-07-22","847632","197","Converse","boots","43"
"Benedict Maury Atley","2022-07-22","554678","486","Puma","flip flops","35"
"Winna  Rishworth","2022-06-04","321606","423","Nike","flip flops","48"
"Johann Aleksandr Dymond","2022-08-29","871077","442","Vans","slippers","41"
"Tessie  Thomasset","2023-03-10","567093","222","Reebok","boots","49"
"Deb Lindy Haughan","2023-03-26","536439","391","Fila","heels","45"
"Gipsy Krystyna Chinge","2022-12-01","229127","138","Adidas","boots","50"
"Liana  Cockerham","2023-04-01","972479","336","Puma","flats","38"
"Vaclav  Geharke","2023-01-19","299525","89","Puma","sneakers","39"
"Ronald  Daouse","2023-02-06","457973","466","Under Armour","flip flops","39"
"Courtenay Olympia Siemianowicz","2023-01-05","571205","445","Vans","heels","39"
"Chere  Dillingstone","2023-04-24","775434","190","New Balance","sneakers","42"
"Agustin  Nortunen","2022-10-13","323400","90","Vans","boots","35"
"Nicola  Gave","2023-01-11","787437","73","Vans","sandals","35"
"Jess Dani Kissock","2022-11-24","43231","146","Reebok","sandals","50"
"Loni  Butters","2022-12-10","713725","283","Under Armour","sandals","34"
"Hannie Sydelle Wermerling","2022-11-21","266457","72","Nike","flip flops","38"
"Russ Killie Abraham","2022-11-29","13779","431","Nike","sandals","36"
"Morgen  Wormald","2022-08-22","259903","243","Converse","slippers","41"
"Virginia Amalie Bovaird","2023-02-08","266093","300","New Balance","loafers","34"
"Ralina  Leivers","2023-04-30","700383","408","Converse","heels","41"
"Leonid Erv Martynikhin","2022-05-31","188977","449","Converse","flip flops","48"
"Tremain Roma Chaloner","2022-08-15","408231","203","Converse","sneakers","48"
"Zane  Bamling","2022-10-03","36121","198","Skechers","slippers","49"
"Muire  Feitosa","2022-11-09","275399","224","Under Armour","slippers","48"
"Malorie  Shinfield","2022-11-07","13025","245","Nike","boots","36"
"Lulu  Bartoszek","2022-10-12","525983","316","Converse","boots","45"
"Constantine  Bunce","2023-02-12","714802","196","Vans","heels","50"
"Millard  Duckett","2023-01-02","454278","350","Skechers","flats","37"
"Stavro  Echlin","2022-12-26","729544","172","Under Armour","loafers","37"
"Lorry Bea Chatfield","2023-03-23","355863","137","Skechers","sneakers","39"
"Opalina  Brackpool","2022-07-08","30099","385","New Balance","boots","46"
"Maggi  Filimore","2023-01-13","316212","160","Converse","boots","34"
"Christophorus Wynn Gorwood","2022-10-01","176971","371","Fila","loafers","38"
"Llewellyn Godwin Kahn","2022-11-12","39695","148","Fila","sneakers","46"
"Hali  De Robertis","2022-11-28","499898","256","Fila","heels","49"
"Killian  Rickett","2022-06-13","156276","289","Nike","sandals","43"
"Carline  Duthie","2022-09-01","989907","457","Vans","flip flops","38"
"Wayland Otis Jedraszek","2022-06-03","573776","495","Fila","flip flops","49"
"Berkie Frasier Waleworke","2022-09-12","674213","54","Under Armour","flats","50"
"Hugues Thacher Ygou","2023-03-13","699205","110","New Balance","heels","34"
"Cord Mikey Plowman","2023-03-23","388714","207","Reebok","heels","41"
"Justin Clive Greensides","2023-03-27","269569","301","Fila","boots","37"
"Shep  Longcaster","2023-05-03","610972","86","Nike","sandals","46"
"Bennie  Maxfield","2023-04-20","475059","89","Reebok","boots","46"
"Dillie Faber Earsman","2022-07-21","941757","474","Fila","heels","40"
"Everard  Deering","2022-06-09","691657","415","Adidas","loafers","50"
"Maible Mathilda Tilburn","2022-07-24","652079","408","Skechers","heels","46"
"Ralph Erhart Filippo","2022-12-15","989085","474","Adidas","sandals","44"
"Danna Charlotte Shutler","2022-06-19","583662","388","New Balance","heels","37"
"Sigismundo  Lubman","2023-02-06","274443","415","Nike","flip flops","47"
"Norri Charis Onslow","2022-10-31","538825","488","Under Armour","flip flops","40"
"Nelie  Stangoe","2022-10-14","779582","367","New Balance","slippers","48"
"Karia Olva Fownes","2023-01-15","877485","149","Under Armour","slippers","40"
"Claudine Jaine Casotti","2022-11-29","544424","292","Adidas","sneakers","49"
"Zebulon Claus McMeekan","2023-03-08","123486","385","New Balance","heels","44"
"Gaynor Angelita Gostage","2023-02-15","812784","243","Puma","sneakers","45"
"Ellery  Andrichak","2022-08-29","325500","59","Adidas","sandals","41"
"Nessi  McNutt","2022-07-06","333863","219","Reebok","slippers","35"
"Daryle  Sehorsch","2022-09-07","533900","65","Adidas","loafers","47"
"Annora Allx Boij","2022-07-13","230908","183","Vans","flip flops","41"
"Jerrylee Letty Stronach","2022-09-24","157454","372","Skechers","slippers","44"
"Valentino Anatollo Westphal","2022-10-04","766029","153","Adidas","flats","35"
"Joscelin  Golthorpp","2022-10-03","397254","438","Puma","boots","45"
"Adelind  McNabb","2022-11-06","689433","276","New Balance","loafers","35"
"Farlie  Boast","2023-01-11","459368","451","Under Armour","loafers","48"
"Adria Savina Measures","2022-09-21","435413","463","New Balance","flats","49"
"Ange Rhody Gerg","2023-03-24","903837","314","Adidas","boots","45"
"Ruthanne Jo Leamon","2022-12-18","613144","395","Adidas","boots","38"
"Marika Kalina Mallindine","2022-06-08","94713","234","Vans","slippers","43"
"Pedro Lemmie Senten","2023-02-21","584644","383","Reebok","boots","42"
"Jarad  Wendover","2022-12-17","338954","391","Adidas","boots","37"
"Kylie  Neath","2023-01-31","881732","242","Under Armour","sandals","38"
"Maxie  Garmons","2022-10-18","942058","440","Fila","sandals","46"
"Fredia  Wiltshear","2022-07-29","543658","436","Skechers","boots","50"
"Sol Vernor Roulston","2022-12-20","684119","446","Reebok","sandals","41"
"Valentine Lucretia O'Cannavan","2023-01-22","601868","388","Fila","flats","35"
"Eadmund Duane Hartigan","2022-10-30","108705","182","Reebok","sneakers","43"
"Edgardo Rickard Luter","2022-08-11","855440","146","Adidas","slippers","43"
"Vere Coreen Rego","2022-11-15","282570","221","Adidas","sandals","47"
"Laryssa Constancia Brouwer","2022-12-01","502977","374","Puma","loafers","35"
"Dyanne  Tolwood","2022-06-01","787605","245","New Balance","boots","43"
"L;urette  Canny","2022-12-29","900747","270","Puma","flip flops","37"
"Reeva  Hollidge","2023-03-18","564388","237","Skechers","flip flops","38"
"Jedd  Quadling","2023-01-09","74219","458","Skechers","sandals","45"
"Rosita Beitris Grollmann","2022-06-18","543529","403","Reebok","flip flops","36"
"Jerald Morly Pinnion","2022-12-11","221263","313","Puma","flip flops","44"
"Rainer  Juarez","2022-08-21","742344","83","Converse","loafers","50"
"Sapphire Andromache Cristofanini","2023-04-20","605718","156","Fila","boots","36"
"Thain  Legan","2022-09-22","885017","78","Vans","heels","48"
"Beverlie Anett Coneau","2022-09-02","137711","489","Fila","heels","36"
"Land  Pfiffer","2022-10-17","621630","470","Reebok","sandals","41"
"Allan  Yuryshev","2022-06-15","221130","209","New Balance","heels","41"
"Gareth  Peacocke","2022-07-08","456907","205","Converse","boots","44"
"Gan Lennard Padbury","2022-11-05","200287","495","Fila","flats","47"
"Fanchette  Pittson","2022-09-03","789325","220","Reebok","sandals","46"
"Didi Meara Cush","2022-12-28","107150","264","Converse","sandals","45"
"Bambie Aidan Van Arsdalen","2023-05-23","398206","321","Vans","slippers","38"
"Barr  Hayley","2022-12-18","220913","166","Vans","loafers","41"
"Cathryn  Instock","2022-08-25","779393","68","New Balance","boots","39"
"Sanford  Lyons","2022-11-07","793761","366","New Balance","heels","48"
"Aylmar  Mouatt","2023-05-17","442371","317","Under Armour","sandals","41"
"Essie Cynthy Wedderburn","2022-11-14","89783","204","Reebok","flip flops","45"
"Claudian Tristan Matzl","2022-07-04","629418","435","Puma","flats","39"
"Mayer  Josey","2022-05-31","378093","198","Adidas","flats","50"
"Stephannie  Woodcroft","2022-07-31","475666","350","Fila","flats","41"
"Debera Ivette Pumphreys","2022-07-19","873613","476","Fila","flip flops","35"
"Thomasin  Signorelli","2023-04-18","40221","422","New Balance","sneakers","38"
"Ezechiel  Banasik","2023-01-11","340719","238","Nike","sandals","42"
"Dalila Fidela O'Riordan","2022-11-09","711717","285","Reebok","slippers","38"
"Kynthia  Fawcus","2022-06-07","909503","419","New Balance","sandals","45"
"Orelle Sapphira Mundie","2022-06-09","4319194","234","Vans","slippers","45"
"Carolin  Kernley","2023-01-02","151578","380","Nike","sandals","34"
"Kellia  Eccleston","2022-11-10","574167","403","Fila","slippers","36"
"Lorain  Lampard","2022-10-20","25069","480","Puma","flip flops","40"
"Rennie  Almack","2023-04-30","460586","166","Puma","sandals","34"
"Rab  Frany","2022-10-09","143391","259","Vans","sneakers","46"
"Tessy  McPhaden","2023-04-11","494675","326","Vans","flip flops","36"
"Guthrie  Tewkesberry","2023-02-21","834176","386","Nike","sneakers","50"
"Udale Felix Pascall","2022-07-28","771181","266","Converse","boots","39"
"Inna Ingaberg Lidierth","2023-03-25","177015","468","Reebok","sandals","37"
"Alair Ali Cruwys","2022-09-21","549128","255","Skechers","heels","47"
"Llywellyn Carlin Persent","2022-08-02","406515","268","Puma","slippers","34"
"Ellette Malanie Yarnold","2022-08-01","916295","184","Under Armour","sneakers","46"
"Adan Durward Bratty","2022-09-18","620353","233","Puma","sneakers","42"
"Eduino Bronny Fulun","2023-03-18","905328","275","New Balance","flats","36"
"Filberto  Spykings","2022-08-25","180641","481","Converse","slippers","35"
"Filia Clarice Deighan","2022-10-08","30936","111","New Balance","loafers","46"
"Flem Stevy Sleet","2022-11-16","625567","463","Adidas","flip flops","50"
"Sutherlan  Beckworth","2022-10-03","169237","77","Vans","sneakers","43"
"Harper  Scatcher","2022-08-26","820558","409","Under Armour","flats","43"
"Calhoun Edmund Gaynes","2023-03-17","729929","458","Vans","heels","50"
"Josey  Mongain","2022-12-01","269129","189","Converse","flip flops","39"
"Lewiss Zachariah Le Sieur","2022-08-12","470713","180","New Balance","loafers","44"
"Rosalinde Zonda Gravestone","2022-08-18","684653","263","Adidas","boots","48"
"Delores Lanita Ruse","2022-10-22","218969","285","Adidas","sandals","36"
"Damien Russ Prisk","2023-03-28","494077","239","Adidas","flip flops","45"
"Whitney Terrye Rubinsohn","2023-02-28","465806","167","Converse","loafers","39"
"Rossy  Beddin","2022-06-23","384770","275","Nike","flip flops","41"
"Justinn  Foale","2023-05-03","563774","174","Under Armour","flip flops","47"
"Josefa Filippa Gelland","2022-09-14","887748","266","Nike","flip flops","37"
"Sharlene  Tolossi","2022-12-01","180515","169","Nike","flats","46"
"Abdul  Klass","2022-06-20","148037","260","Reebok","heels","42"
"Electra Wylma Bryde","2023-02-18","888192","322","Adidas","loafers","36"
"Nertie  Reardon","2023-05-12","736586","165","Reebok","heels","45"
"Nester Oliver Leamon","2022-06-17","930915","230","Under Armour","heels","35"
"Adelaide  Faas","2022-07-04","510281","415","Reebok","sandals","38"
"Roderic  Ritelli","2022-09-08","811411","225","New Balance","loafers","34"
"Austen Gustav Sinnat","2023-05-06","616793","322","Adidas","slippers","49"
"Travers Xever Hulburd","2023-05-11","795126","343","Reebok","loafers","36"
"Wilie  Dollard","2022-07-30","413557","305","Skechers","flats","45"
"Brade  Fontelles","2022-10-11","499486","481","Fila","flats","49"
"Alia  Cuseick","2022-10-19","490843","345","Under Armour","flats","38"
"Harriot  Lermouth","2022-06-03","280484","319","Skechers","loafers","50"
"Amelita Daryl Hakeworth","2022-10-01","216357","493","Under Armour","heels","41"
"Aldric Rupert Pays","2022-09-07","417616","173","Converse","sandals","50"
"Janie Benni Alejandre","2022-10-30","236788","139","Fila","slippers","43"
"Albina  Brettell","2022-05-31","257968","342","Reebok","slippers","50"
"Rene  Kermott","2023-03-11","96013","223","Adidas","slippers","44"
"Sylas Dex Cabrara","2023-05-03","768583","144","Adidas","sneakers","40"
"Verney Rudolph Howel","2022-07-26","776075","93","Vans","boots","43"
"Cindie Livvie Geldard","2023-03-21","509451","467","New Balance","slippers","50"
"Ingrim  Lacy","2023-04-29","347086","201","Nike","flats","38"
"Rubi Shandra O'Longain","2023-04-15","832665","228","Converse","flip flops","48"
"Wilow Ree Joberne","2022-07-02","371338","256","New Balance","flats","36"
"Kevin  Mazey","2023-05-09","472340","492","Under Armour","sneakers","47"
"Raul  Duncan","2023-05-01","968755","157","Converse","sandals","47"
"Bellina Fiona Ramsier","2023-02-13","701764","300","Skechers","loafers","34"
"Rockwell Reese Vitet","2022-08-14","194333","448","Skechers","flip flops","42"
"Donn  Hollidge","2022-10-24","496780","415","Reebok","sandals","42"
"Edeline Morganica Hayler","2023-01-17","738598","97","Nike","sandals","44"
"Slade Cedric Sircombe","2022-12-24","407527","263","Reebok","flats","41"
"Dorry Brigitte Bengoechea","2022-10-16","271007","225","Nike","loafers","44"
"Carmella Franni Walsom","2022-08-11","803610","439","Skechers","flip flops","49"
"Ossie Lion De Pero","2023-05-25","794018","203","Reebok","heels","38"
"Dayna Elvira Bougourd","2022-11-12","24816","402","Converse","sneakers","48"
"Rouvin Hurlee Denis","2022-06-28","247988","326","Converse","flip flops","42"
"Alyosha  Dumbare","2023-04-18","656991","389","Fila","flats","36"
"Maynord  Hargrove","2022-09-06","733698","211","Nike","boots","45"
"Fairlie Richmound Iskowitz","2023-03-25","772996","331","Puma","flats","41"
"Pearla  O'Hogertie","2023-03-10","278041","217","Converse","loafers","43"
"Stephie Bertine Latchford","2022-10-08","630936","329","New Balance","sandals","42"
"Barthel Caryl Giovannazzi","2023-02-05","249998","161","Under Armour","sneakers","46"
"Hort  Lindup","2023-03-12","620301","281","Under Armour","heels","47"
"Sim Garreth Citrine","2022-10-07","891005","382","Puma","loafers","37"
"Janet  Popplestone","2022-12-27","912935","259","Fila","sneakers","44"
"Noah Dorian Bibb","2022-09-29","541947","377","Reebok","flip flops","50"
"Lark  Gulley","2023-03-17","494653","297","Under Armour","sandals","50"
"Natale Garrard Kristoffersson","2023-04-03","632176","184","Puma","sandals","34"
"Cassondra  Vandenhoff","2023-02-05","891624","320","Nike","flats","49"
"Eduard Mannie Nary","2022-12-08","408288","60","Reebok","heels","49"
"Faunie Rhianon Stubbes","2022-09-25","578271","374","Under Armour","boots","46"
"Dugald  Feldhuhn","2022-11-04","461539","348","Reebok","boots","42"
"Elset Adria Rulf","2023-03-14","197953","322","Reebok","flats","46"
"Twila Hazel Payze","2022-10-26","549073","95","Nike","sandals","39"
"Fiona  Pietrzyk","2023-01-29","543674","166","Under Armour","flats","36"
"Teodora  Ricarde","2023-04-07","168698","345","New Balance","sneakers","47"
"Binny Delly Mercer","2022-12-08","278231","288","Nike","boots","42"
"Tremain Jarred Gurr","2022-11-08","229276","137","Puma","heels","34"
"Charlotta  Pachmann","2022-11-07","51374","473","Converse","flats","49"
"Cliff  Freathy","2022-11-02","86827","103","Adidas","boots","48"
"Evin  Berrygun","2022-10-25","992346","317","Vans","sandals","44"
"Giulio Bale Oulner","2022-11-15","30935","130","Converse","slippers","34"
"Nicol  Attenburrow","2022-12-31","194012","60","Nike","slippers","50"
"Alec  Kuhnt","2022-11-28","168182","274","Puma","sneakers","34"
"Reggi Jeannette Valentinetti","2022-07-15","16121","164","Converse","heels","49"
"Gerri Norton Rumble","2023-02-01","881271","445","Converse","heels","49"
"Felice  Flaherty","2023-05-16","76271","121","New Balance","boots","47"
"Olag  Dureden","2023-01-20","732224","357","Adidas","sandals","37"
"Maury Chaunce Dreelan","2022-07-21","430690","53","Vans","heels","35"
"Lelah  Olliver","2022-11-06","981233","98","Skechers","slippers","50"
"Dario  Lorkins","2022-07-26","579567","349","Nike","flip flops","44"
"Barnie  McDoual","2023-02-28","587809","303","Vans","slippers","41"
"Templeton Andonis Benson","2023-03-05","884345","302","Nike","flats","34"
"Sophie Hattie Fielder","2022-11-10","572552","126","Converse","sandals","37"
"Adey  Okie","2023-04-25","109794","463","Nike","slippers","48"
"Dillon Adair Bloan","2022-12-25","949049","157","Under Armour","slippers","44"
"Moses  Varey","2023-03-25","746976","88","Converse","sandals","37"
"Caye Stefania Bleakman","2022-08-07","78622","384","Reebok","flats","37"
"Northrop  MacDearmaid","2022-10-22","632444","217","Reebok","loafers","35"
"Rubia  O'Donovan","2022-06-16","690700","191","Nike","sneakers","40"
"Fayette  Warboy","2022-06-17","707341","89","New Balance","slippers","49"
"Khalil Brockie Habbeshaw","2023-01-27","248621","126","Nike","sneakers","48"
"Cordell  Tawn","2023-03-01","600370","237","Vans","heels","39"
"Kellina Kissie Callinan","2022-09-18","508875","269","New Balance","loafers","36"
"Willow  Braidwood","2022-09-20","374563","128","Nike","flats","48"
"Trudi Lainey Yabsley","2022-08-22","52112","389","Puma","flip flops","38"
"Harwilll  Hartman","2022-06-18","490019","440","Fila","sandals","47"
"Misti  Gronowe","2023-03-11","870857","218","New Balance","loafers","34"
"Johnny Giff Waddilow","2022-10-20","104666","198","Fila","heels","35"
"Bette Halimeda Madgett","2023-02-04","676470","483","Under Armour","heels","46"
"Araldo Buddie Wisniewski","2023-01-09","913826","336","New Balance","slippers","41"
"Wye Chester Stidworthy","2022-06-16","333090","115","Skechers","heels","49"
"Stavro  McInally","2023-03-18","442095","415","Fila","loafers","35"
"Fleming Maison Donaho","2022-08-18","272779","120","Skechers","flats","42"
"Chickie  Busher","2023-05-06","99541","430","Fila","flip flops","35"
"Candra  Meldon","2023-04-22","817055","376","New Balance","sandals","46"
"Davina  Grafhom","2023-05-10","715645","278","Nike","flip flops","50"
"Terrence  Slateford","2023-02-15","353171","358","Skechers","flip flops","48"
"Halie  Morrallee","2022-07-25","195060","333","Nike","sandals","45"
"Sebastian Menard Poore","2023-01-16","569269","311","Under Armour","flip flops","47"
"Brandais  Edser","2023-04-07","119771","375","Under Armour","sandals","41"
"Row Gretel Groll","2023-04-03","602124","477","Vans","boots","34"
"Jaime Pren Jeenes","2022-12-28","635193","147","Puma","loafers","48"
"Susannah  Grishaev","2023-01-12","632193","393","Puma","sandals","46"
"Ringo Upton Denyakin","2023-03-07","454678","160","Nike","loafers","45"
"Maxi Wilow Mabb","2023-02-22","290887","57","Nike","sandals","45"
"Kliment Town Peele","2023-03-23","311312","406","Skechers","heels","36"
"Jacklin Dorthea McCutheon","2023-01-13","105237","456","Converse","flats","34"
"Krystal Agna Gudeman","2022-09-28","307921","182","Fila","sneakers","36"
"Mick  Tullett","2023-01-12","529939","172","Fila","slippers","48"
"Joete Kristine Kirrage","2022-12-10","260052","284","Vans","loafers","39"
"Bengt Maje Demonge","2022-12-17","117427","182","Vans","boots","44"
"Mira Daryn Shea","2022-11-11","70541","162","Skechers","slippers","47"
"Scottie  Widdowson","2022-12-05","139055","182","Under Armour","flip flops","41"
"Isabelle Mabel Scobbie","2022-11-07","284060","125","Nike","flats","45"
"Sherwin Doug Oaten","2023-02-11","235170","279","Nike","flats","35"
"Justino Walther Cawston","2023-05-16","854577","89","Reebok","flats","44"
"Lisa Tersina Dalmon","2022-08-11","308443","483","Under Armour","flats","36"
"Elita  Callum","2023-04-14","843489","367","Skechers","flip flops","50"
"Silvio Rodolfo Maciejewski","2023-03-27","16512","431","Adidas","sneakers","40"
"Winny Pierrette Bloys","2022-11-23","168585","261","Converse","loafers","46"
"Currie Manfred Trahear","2022-09-11","132126","417","New Balance","slippers","44"
"Alejandra  Schnitter","2022-06-27","777300","167","Converse","slippers","37"
"Pembroke  D'Antoni","2023-05-10","34331","373","Reebok","flats","45"
"Rowland  Salan","2023-04-06","621737","397","New Balance","heels","38"
"Yelena  Blowfelde","2022-09-12","615772","141","Fila","loafers","42"
"Darren Griffie Sawell","2022-06-09","682406","431","Adidas","heels","48"
"Elly  Buffery","2022-10-21","279342","381","Reebok","heels","48"
"Terrel  Magarrell","2022-08-04","704934","370","Reebok","heels","36"
"Sharyl Mallissa Matevosian","2023-04-02","16185","485","Adidas","flip flops","43"
"Garv Eben Cardiff","2023-01-19","173992","275","Converse","heels","40"
"Giffy  McPeck","2022-11-03","473245","178","Vans","slippers","39"
"Lurleen  Toffano","2023-02-04","535735","137","Nike","flats","49"
"Essa  Bollen","2023-04-28","590824","107","Puma","loafers","48"
"Blake  Pudsall","2022-10-10","806306","484","Vans","slippers","39"
"Latisha  Shurrocks","2022-06-27","943444","362","Fila","loafers","39"
"Michale Farly Feldman","2022-06-08","584239","447","Puma","sneakers","34"
"Benito  Lamlin","2022-09-30","614359","230","Reebok","sandals","36"
"Conny Marlin Fancet","2023-01-29","102526","129","Skechers","sneakers","37"
"Cassie  Squibb","2022-06-12","436386","440","Under Armour","loafers","39"
"Gabriell Blakeley Tripe","2023-05-02","197298","106","Adidas","loafers","39"
"Karl Giusto Uman","2022-12-28","630373","297","Fila","heels","49"
"Theodoric  Reubbens","2022-10-24","520434","482","Fila","slippers","49"
"Kit  Balling","2022-09-05","739683","362","Fila","boots","43"
"Ekaterina  Galfour","2022-12-26","67346","242","New Balance","sandals","50"
"Ronna  Kreuzer","2023-01-17","335913","143","New Balance","boots","35"
"Birdie Malvina Le Breton","2022-06-11","367595","408","Puma","flip flops","48"
"Renado  Blacktin","2023-01-19","856031","94","Converse","sandals","46"
"Ashlen Rora Hawe","2022-07-06","499342","68","Under Armour","flip flops","47"
"Naoma Carmelita Bann","2023-04-06","148557","448","New Balance","slippers","42"
"Madella  Pennycord","2022-12-03","864922","427","Skechers","flip flops","46"
"Aguie  Filler","2023-01-25","302911","151","Adidas","flats","44"
"Sheffie Kenton Jedrzejewicz","2023-04-22","652807","482","Puma","slippers","38"
"Darice  Redwood","2022-12-11","116570","281","Vans","sandals","43"
"Allin  O'Leary","2023-04-09","756802","427","Nike","boots","46"
"Eden Bianca Menhci","2022-08-18","637255","210","Converse","flats","36"
"Greer Jacqueline Hannen","2022-08-12","83619","210","Reebok","sandals","38"
"Kimball  Shadwick","2022-07-30","794424","89","New Balance","boots","37"
"Malvin  Thurlbeck","2022-09-08","773884","461","Adidas","sneakers","43"
"Dominick Mayne Guildford","2023-05-23","595141","148","Fila","boots","36"
"Wilbert Randell Connell","2023-01-04","430858","81","Nike","boots","40"
"Arv  Treppas","2023-04-20","769849","213","Converse","boots","48"
"Brandy Shelagh Cianni","2023-01-20","588172","62","Fila","boots","43"
"Archer Bertrand Snaddon","2023-02-24","897276","106","Adidas","sandals","45"
"Jaimie Marget Hyett","2023-05-05","914352","263","New Balance","sandals","46"
"Carrol Henry Brinsden","2023-02-09","573925","455","Under Armour","loafers","34"
"Hodge Willard Ruler","2023-01-08","777233","171","Nike","sneakers","47"
"Marissa  Bachellier","2022-09-01","958027","230","Vans","sandals","34"
"Jarret Vasilis Sollom","2023-05-01","600825","287","Adidas","sneakers","39"
"Anna-diana  Edgcombe","2022-07-22","487394","439","Vans","heels","37"
"Thatch  Stebbings","2022-08-31","632733","329","Skechers","flip flops","41"
"Patty  Drissell","2022-08-30","122859","324","Skechers","flats","49"
"Allix Viviene Allott","2022-10-22","744946","434","Vans","flip flops","38"
"Cherri Lebbie Boden","2023-03-25","371992","401","Vans","boots","49"
"Eduard  Carwithan","2022-12-14","949338","480","New Balance","slippers","40"
"Joey Jose Cordero","2023-04-12","939447","368","Vans","boots","47"
"Lindy Gavan Gaffney","2022-10-04","560748","61","Reebok","loafers","39"
"Leyla Jenni Teresi","2023-01-21","319423","238","Converse","sandals","47"
"Hamid  O' Reagan","2022-10-07","375301","251","Nike","sandals","40"
"Willabella Marni Denne","2023-01-25","13580","185","Nike","flip flops","38"
"Woodie  Studholme","2022-10-28","760986","261","Adidas","sandals","38"
"Currey  Gillett","2022-10-10","157314","390","Puma","slippers","36"
"Shayne  Prior","2022-11-04","99732","430","Vans","flip flops","50"
"Morey  Aguirrezabala","2022-07-22","451943","304","Reebok","boots","35"
"Toby Tadeo Cornils","2022-08-03","422971","198","Vans","sandals","45"
"Petr Alfonso Van Velden","2022-06-05","967376","225","Skechers","sneakers","46"
"Vally  Pauer","2022-11-19","733770","131","Skechers","sneakers","47"
"Belinda  Lottrington","2023-05-11","135891","403","New Balance","flip flops","48"
"Salim  Stallibrass","2022-07-19","885292","263","Adidas","sandals","35"
"Chrissie  Wabersinke","2023-03-26","885515","235","Skechers","flip flops","49"
"Stafford Inglis Kondratenko","2023-05-18","493333","439","Vans","flats","49"
"Bastien  Barensky","2023-01-10","479115","70","Adidas","sneakers","46"
"Deena Latisha Spurge","2022-11-25","296409","467","Adidas","flats","40"
"Trever  McNiff","2022-08-28","999500","455","Puma","sandals","38"
"Brok  Carreck","2023-04-14","290006","124","Reebok","flats","49"
"Denice  Bumfrey","2023-04-13","744399","130","Adidas","slippers","37"
"Josefa  Lamba","2022-12-06","251658","432","Nike","slippers","42"
"Ike  Figgen","2022-10-12","197338","487","Adidas","loafers","40"
"Julie Cassandre Von Der Empten","2023-04-17","847329","182","Reebok","heels","43"
"Sunshine  Bride","2023-01-05","163409","415","Fila","flip flops","44"
"Abie  Christie","2022-08-13","377834","483","Puma","loafers","46"
"Hadria Winnifred Tunnoch","2023-05-13","362315","203","Reebok","flats","43"
"Darbee Dougy Medcalf","2022-11-28","130985","311","Reebok","boots","38"
"Daphna Steffane Wolfer","2022-12-18","924541","88","Converse","sandals","43"
"Joanne Georgine Bird","2022-12-06","642496","72","New Balance","slippers","46"
"Francisco  Stoggell","2022-12-11","394522","450","Fila","loafers","44"
"Elayne Marya Rive","2023-05-03","906111","55","Nike","heels","37"
"Issy  Wigg","2022-09-14","219164","380","Nike","heels","46"
"Clara  Agus","2022-12-02","790835","477","Skechers","flats","34"
"Fulvia  Kitley","2022-06-10","936482","373","Puma","sneakers","39"
"Roarke Jamal Pharaoh","2022-10-14","514701","388","Under Armour","sneakers","37"
"Harry  Kelberman","2022-06-14","260942","380","Adidas","sneakers","42"
"Bay Alonso Farndell","2022-08-28","896905","162","Under Armour","flip flops","41"
"Zoe Candra Vint","2023-04-30","835136","123","New Balance","sneakers","42"
"Carley Eliza Brabant","2022-06-14","10445","217","Converse","boots","45"
"Janelle  Lawrence","2023-03-19","470274","352","New Balance","boots","40"
"Bearnard  Casetti","2023-04-12","800018","385","Adidas","sandals","38"
"Anna-diane Holly Petrozzi","2022-10-30","575899","377","Converse","heels","36"
"Ody  De Blasi","2023-05-07","574258","430","Under Armour","sneakers","38"
"Rickie  Parham","2023-04-02","248886","366","Reebok","loafers","41"
"Cynthea  Duthie","2022-06-01","678041","143","Skechers","sandals","45"
"Antone  Meneghelli","2023-01-05","402576","277","Reebok","flats","34"
"Mei Polly Alliban","2022-07-18","85722","114","Nike","boots","45"
"Ezekiel Art Redford","2022-08-12","787573","274","Vans","sandals","40"
"Theresina  Cometti","2023-05-11","266482","437","Nike","heels","37"
"Tyrone  Rosi","2023-02-08","151831","289","Reebok","boots","44"
"Guinna  Billings","2023-04-23","254712","119","Nike","flats","34"
"Elvyn Giffard Mecco","2022-11-13","284800","119","Fila","flip flops","48"
"Kurt  Clubb","2022-10-06","643573","443","Reebok","slippers","49"
"Brendon  Samet","2022-07-25","358587","265","Nike","flats","39"
"Blinnie  Anning","2022-07-21","635980","118","Vans","slippers","50"
"Violet Shannon Kencott","2022-08-28","351380","271","Converse","flats","36"
